glue job s3 LOGS 

WARN	2025-09-18T20:34:27,477	34508	org.apache.hadoop.util.ShutdownHookManager	[Thread-4]	131	ShutdownHook '' failed, java.util.concurrent.ExecutionException: java.lang.ExceptionInInitializerError
java.util.concurrent.ExecutionException: java.lang.ExceptionInInitializerError
	at java.util.concurrent.FutureTask.report(FutureTask.java:122) ~[?:?]
	at java.util.concurrent.FutureTask.get(FutureTask.java:205) ~[?:?]
	at org.apache.hadoop.util.ShutdownHookManager.executeShutdown(ShutdownHookManager.java:124) [hadoop-client-api-3.4.1-amzn-0.jar:?]
	at org.apache.hadoop.util.ShutdownHookManager$1.run(ShutdownHookManager.java:95) [hadoop-client-api-3.4.1-amzn-0.jar:?]
Caused by: java.lang.ExceptionInInitializerError
	at com.amazon.ws.emr.hadoop.fs.files.TemporaryDirectoriesGenerator.createAndTrack(TemporaryDirectoriesGenerator.java:125) ~[emrfs-hadoop-assembly-2.69.0.jar:?]
	at com.amazon.ws.emr.hadoop.fs.files.TemporaryDirectoriesGenerator.createTemporaryDirectories(TemporaryDirectoriesGenerator.java:149) ~[emrfs-hadoop-assembly-2.69.0.jar:?]
	at com.amazon.ws.emr.hadoop.fs.s3n.S3NativeFileSystem.create(S3NativeFileSystem.java:368) ~[emrfs-hadoop-assembly-2.69.0.jar:?]
	at org.apache.hadoop.fs.FileSystem.create(FileSystem.java:1240) ~[hadoop-client-api-3.4.1-amzn-0.jar:?]
	at org.apache.hadoop.fs.FileSystem.create(FileSystem.java:1217) ~[hadoop-client-api-3.4.1-amzn-0.jar:?]
	at org.apache.hadoop.fs.FileSystem.create(FileSystem.java:1098) ~[hadoop-client-api-3.4.1-amzn-0.jar:?]
	at org.apache.hadoop.fs.FileUtil.copy(FileUtil.java:491) ~[hadoop-client-api-3.4.1-amzn-0.jar:?]
	at org.apache.hadoop.fs.FileUtil.copy(FileUtil.java:432) ~[hadoop-client-api-3.4.1-amzn-0.jar:?]
	at org.apache.hadoop.fs.FileSystem.copyFromLocalFile(FileSystem.java:2647) ~[hadoop-client-api-3.4.1-amzn-0.jar:?]
	at org.apache.hadoop.fs.FileSystem.copyFromLocalFile(FileSystem.java:2613) ~[hadoop-client-api-3.4.1-amzn-0.jar:?]
	at org.apache.hadoop.fs.FileSystem.copyFromLocalFile(FileSystem.java:2575) ~[hadoop-client-api-3.4.1-amzn-0.jar:?]
	at com.amazon.ws.emr.hadoop.fs.EmrFileSystem.copyFromLocalFile(EmrFileSystem.java:518) ~[emrfs-hadoop-assembly-2.69.0.jar:?]
	at com.amazonaws.services.glue.LogPusher.upload(LogPusher.scala:72) ~[zaKXSh-aws-glue-di-package-5.0.714.jar:?]
	at org.apache.spark.util.ShutdownHookManagerWrapper$.$anonfun$addLogPusherHook$2(ShutdownHookManagerWrapper.scala:9) ~[zaKXSh-aws-glue-di-package-5.0.714.jar:3.5.4-amzn-0]
	at org.apache.spark.util.ShutdownHookManagerWrapper$.$anonfun$addLogPusherHook$2$adapted(ShutdownHookManagerWrapper.scala:9) ~[zaKXSh-aws-glue-di-package-5.0.714.jar:3.5.4-amzn-0]
	at scala.Option.foreach(Option.scala:407) ~[scala-library-2.12.18.jar:?]
	at org.apache.spark.util.ShutdownHookManagerWrapper$.$anonfun$addLogPusherHook$1(ShutdownHookManagerWrapper.scala:9) ~[zaKXSh-aws-glue-di-package-5.0.714.jar:3.5.4-amzn-0]
	at org.apache.spark.util.SparkShutdownHook.run(ShutdownHookManager.scala:214) ~[spark-core_2.12-3.5.4-amzn-0.jar:3.5.4-amzn-0]
	at org.apache.spark.util.SparkShutdownHookManager.$anonfun$runAll$2(ShutdownHookManager.scala:188) ~[spark-core_2.12-3.5.4-amzn-0.jar:3.5.4-amzn-0]
	at scala.runtime.java8.JFunction0$mcV$sp.apply(JFunction0$mcV$sp.java:23) ~[scala-library-2.12.18.jar:?]
	at org.apache.spark.util.Utils$.logUncaughtExceptions(Utils.scala:1978) ~[spark-core_2.12-3.5.4-amzn-0.jar:3.5.4-amzn-0]
	at org.apache.spark.util.SparkShutdownHookManager.$anonfun$runAll$1(ShutdownHookManager.scala:188) ~[spark-core_2.12-3.5.4-amzn-0.jar:3.5.4-amzn-0]
	at scala.runtime.java8.JFunction0$mcV$sp.apply(JFunction0$mcV$sp.java:23) ~[scala-library-2.12.18.jar:?]
	at scala.util.Try$.apply(Try.scala:213) ~[scala-library-2.12.18.jar:?]
	at org.apache.spark.util.SparkShutdownHookManager.runAll(ShutdownHookManager.scala:188) ~[spark-core_2.12-3.5.4-amzn-0.jar:3.5.4-amzn-0]
	at org.apache.spark.util.SparkShutdownHookManager$$anon$2.run(ShutdownHookManager.scala:178) ~[spark-core_2.12-3.5.4-amzn-0.jar:3.5.4-amzn-0]
	at java.util.concurrent.Executors$RunnableAdapter.call(Executors.java:539) ~[?:?]
	at java.util.concurrent.FutureTask.run(FutureTask.java:264) ~[?:?]
	at java.util.concurrent.ThreadPoolExecutor.runWorker(ThreadPoolExecutor.java:1136) ~[?:?]
	at java.util.concurrent.ThreadPoolExecutor$Worker.run(ThreadPoolExecutor.java:635) ~[?:?]
	at java.lang.Thread.run(Thread.java:840) ~[?:?]
Caused by: java.lang.IllegalStateException: Shutdown in progress
	at java.lang.ApplicationShutdownHooks.add(ApplicationShutdownHooks.java:66) ~[?:?]
	at java.lang.Runtime.addShutdownHook(Runtime.java:216) ~[?:?]
	at com.amazon.ws.emr.hadoop.fs.files.TemporaryDirectoryShutdownHook.<clinit>(TemporaryDirectoryShutdownHook.java:18) ~[emrfs-hadoop-assembly-2.69.0.jar:?]
	at com.amazon.ws.emr.hadoop.fs.files.TemporaryDirectoriesGenerator.createAndTrack(TemporaryDirectoriesGenerator.java:125) ~[emrfs-hadoop-assembly-2.69.0.jar:?]
	at com.amazon.ws.emr.hadoop.fs.files.TemporaryDirectoriesGenerator.createTemporaryDirectories(TemporaryDirectoriesGenerator.java:149) ~[emrfs-hadoop-assembly-2.69.0.jar:?]
	at com.amazon.ws.emr.hadoop.fs.s3n.S3NativeFileSystem.create(S3NativeFileSystem.java:368) ~[emrfs-hadoop-assembly-2.69.0.jar:?]
	at org.apache.hadoop.fs.FileSystem.create(FileSystem.java:1240) ~[hadoop-client-api-3.4.1-amzn-0.jar:?]
	at org.apache.hadoop.fs.FileSystem.create(FileSystem.java:1217) ~[hadoop-client-api-3.4.1-amzn-0.jar:?]
	at org.apache.hadoop.fs.FileSystem.create(FileSystem.java:1098) ~[hadoop-client-api-3.4.1-amzn-0.jar:?]
	at org.apache.hadoop.fs.FileUtil.copy(FileUtil.java:491) ~[hadoop-client-api-3.4.1-amzn-0.jar:?]
	at org.apache.hadoop.fs.FileUtil.copy(FileUtil.java:432) ~[hadoop-client-api-3.4.1-amzn-0.jar:?]
	at org.apache.hadoop.fs.FileSystem.copyFromLocalFile(FileSystem.java:2647) ~[hadoop-client-api-3.4.1-amzn-0.jar:?]
	at org.apache.hadoop.fs.FileSystem.copyFromLocalFile(FileSystem.java:2613) ~[hadoop-client-api-3.4.1-amzn-0.jar:?]
	at org.apache.hadoop.fs.FileSystem.copyFromLocalFile(FileSystem.java:2575) ~[hadoop-client-api-3.4.1-amzn-0.jar:?]
	at com.amazon.ws.emr.hadoop.fs.EmrFileSystem.copyFromLocalFile(EmrFileSystem.java:518) ~[emrfs-hadoop-assembly-2.69.0.jar:?]
	at com.amazonaws.services.glue.LogPusher.upload(LogPusher.scala:72) ~[zaKXSh-aws-glue-di-package-5.0.714.jar:?]
	at org.apache.spark.util.ShutdownHookManagerWrapper$.$anonfun$addLogPusherHook$2(ShutdownHookManagerWrapper.scala:9) ~[zaKXSh-aws-glue-di-package-5.0.714.jar:3.5.4-amzn-0]
	at org.apache.spark.util.ShutdownHookManagerWrapper$.$anonfun$addLogPusherHook$2$adapted(ShutdownHookManagerWrapper.scala:9) ~[zaKXSh-aws-glue-di-package-5.0.714.jar:3.5.4-amzn-0]
	at scala.Option.foreach(Option.scala:407) ~[scala-library-2.12.18.jar:?]
	at org.apache.spark.util.ShutdownHookManagerWrapper$.$anonfun$addLogPusherHook$1(ShutdownHookManagerWrapper.scala:9) ~[zaKXSh-aws-glue-di-package-5.0.714.jar:3.5.4-amzn-0]
	at org.apache.spark.util.SparkShutdownHook.run(ShutdownHookManager.scala:214) ~[spark-core_2.12-3.5.4-amzn-0.jar:3.5.4-amzn-0]
	at org.apache.spark.util.SparkShutdownHookManager.$anonfun$runAll$2(ShutdownHookManager.scala:188) ~[spark-core_2.12-3.5.4-amzn-0.jar:3.5.4-amzn-0]
	at scala.runtime.java8.JFunction0$mcV$sp.apply(JFunction0$mcV$sp.java:23) ~[scala-library-2.12.18.jar:?]
	at org.apache.spark.util.Utils$.logUncaughtExceptions(Utils.scala:1978) ~[spark-core_2.12-3.5.4-amzn-0.jar:3.5.4-amzn-0]
	at org.apache.spark.util.SparkShutdownHookManager.$anonfun$runAll$1(ShutdownHookManager.scala:188) ~[spark-core_2.12-3.5.4-amzn-0.jar:3.5.4-amzn-0]
	at scala.runtime.java8.JFunction0$mcV$sp.apply(JFunction0$mcV$sp.java:23) ~[scala-library-2.12.18.jar:?]
	at scala.util.Try$.apply(Try.scala:213) ~[scala-library-2.12.18.jar:?]
	at org.apache.spark.util.SparkShutdownHookManager.runAll(ShutdownHookManager.scala:188) ~[spark-core_2.12-3.5.4-amzn-0.jar:3.5.4-amzn-0]
	at org.apache.spark.util.SparkShutdownHookManager$$anon$2.run(ShutdownHookManager.scala:178) ~[spark-core_2.12-3.5.4-amzn-0.jar:3.5.4-amzn-0]
	at java.util.concurrent.Executors$RunnableAdapter.call(Executors.java:539) ~[?:?]
	at java.util.concurrent.FutureTask.run(FutureTask.java:264) ~[?:?]
	at java.util.concurrent.ThreadPoolExecutor.runWorker(ThreadPoolExecutor.java:1136) ~[?:?]
	at java.util.concurrent.ThreadPoolExecutor$Worker.run(ThreadPoolExecutor.java:635) ~[?:?]
	at java.lang.Thread.run(Thread.java:840) ~[?:?]
ERROR	2025-09-18T20:34:27,473	34504	org.apache.spark.util.Utils	[shutdown-hook-0]	97	Uncaught exception in thread shutdown-hook-0
java.lang.ExceptionInInitializerError: null
	at com.amazon.ws.emr.hadoop.fs.files.TemporaryDirectoriesGenerator.createAndTrack(TemporaryDirectoriesGenerator.java:125) ~[emrfs-hadoop-assembly-2.69.0.jar:?]
	at com.amazon.ws.emr.hadoop.fs.files.TemporaryDirectoriesGenerator.createTemporaryDirectories(TemporaryDirectoriesGenerator.java:149) ~[emrfs-hadoop-assembly-2.69.0.jar:?]
	at com.amazon.ws.emr.hadoop.fs.s3n.S3NativeFileSystem.create(S3NativeFileSystem.java:368) ~[emrfs-hadoop-assembly-2.69.0.jar:?]
	at org.apache.hadoop.fs.FileSystem.create(FileSystem.java:1240) ~[hadoop-client-api-3.4.1-amzn-0.jar:?]
	at org.apache.hadoop.fs.FileSystem.create(FileSystem.java:1217) ~[hadoop-client-api-3.4.1-amzn-0.jar:?]
	at org.apache.hadoop.fs.FileSystem.create(FileSystem.java:1098) ~[hadoop-client-api-3.4.1-amzn-0.jar:?]
	at org.apache.hadoop.fs.FileUtil.copy(FileUtil.java:491) ~[hadoop-client-api-3.4.1-amzn-0.jar:?]
	at org.apache.hadoop.fs.FileUtil.copy(FileUtil.java:432) ~[hadoop-client-api-3.4.1-amzn-0.jar:?]
	at org.apache.hadoop.fs.FileSystem.copyFromLocalFile(FileSystem.java:2647) ~[hadoop-client-api-3.4.1-amzn-0.jar:?]
	at org.apache.hadoop.fs.FileSystem.copyFromLocalFile(FileSystem.java:2613) ~[hadoop-client-api-3.4.1-amzn-0.jar:?]
	at org.apache.hadoop.fs.FileSystem.copyFromLocalFile(FileSystem.java:2575) ~[hadoop-client-api-3.4.1-amzn-0.jar:?]
	at com.amazon.ws.emr.hadoop.fs.EmrFileSystem.copyFromLocalFile(EmrFileSystem.java:518) ~[emrfs-hadoop-assembly-2.69.0.jar:?]
	at com.amazonaws.services.glue.LogPusher.upload(LogPusher.scala:72) ~[zaKXSh-aws-glue-di-package-5.0.714.jar:?]
	at org.apache.spark.util.ShutdownHookManagerWrapper$.$anonfun$addLogPusherHook$2(ShutdownHookManagerWrapper.scala:9) ~[zaKXSh-aws-glue-di-package-5.0.714.jar:3.5.4-amzn-0]
	at org.apache.spark.util.ShutdownHookManagerWrapper$.$anonfun$addLogPusherHook$2$adapted(ShutdownHookManagerWrapper.scala:9) ~[zaKXSh-aws-glue-di-package-5.0.714.jar:3.5.4-amzn-0]
	at scala.Option.foreach(Option.scala:407) ~[scala-library-2.12.18.jar:?]
	at org.apache.spark.util.ShutdownHookManagerWrapper$.$anonfun$addLogPusherHook$1(ShutdownHookManagerWrapper.scala:9) ~[zaKXSh-aws-glue-di-package-5.0.714.jar:3.5.4-amzn-0]
	at org.apache.spark.util.SparkShutdownHook.run(ShutdownHookManager.scala:214) ~[spark-core_2.12-3.5.4-amzn-0.jar:3.5.4-amzn-0]
	at org.apache.spark.util.SparkShutdownHookManager.$anonfun$runAll$2(ShutdownHookManager.scala:188) ~[spark-core_2.12-3.5.4-amzn-0.jar:3.5.4-amzn-0]
	at scala.runtime.java8.JFunction0$mcV$sp.apply(JFunction0$mcV$sp.java:23) ~[scala-library-2.12.18.jar:?]
	at org.apache.spark.util.Utils$.logUncaughtExceptions(Utils.scala:1978) ~[spark-core_2.12-3.5.4-amzn-0.jar:3.5.4-amzn-0]
	at org.apache.spark.util.SparkShutdownHookManager.$anonfun$runAll$1(ShutdownHookManager.scala:188) ~[spark-core_2.12-3.5.4-amzn-0.jar:3.5.4-amzn-0]
	at scala.runtime.java8.JFunction0$mcV$sp.apply(JFunction0$mcV$sp.java:23) [scala-library-2.12.18.jar:?]
	at scala.util.Try$.apply(Try.scala:213) [scala-library-2.12.18.jar:?]
	at org.apache.spark.util.SparkShutdownHookManager.runAll(ShutdownHookManager.scala:188) [spark-core_2.12-3.5.4-amzn-0.jar:3.5.4-amzn-0]
	at org.apache.spark.util.SparkShutdownHookManager$$anon$2.run(ShutdownHookManager.scala:178) [spark-core_2.12-3.5.4-amzn-0.jar:3.5.4-amzn-0]
	at java.util.concurrent.Executors$RunnableAdapter.call(Executors.java:539) [?:?]
	at java.util.concurrent.FutureTask.run(FutureTask.java:264) [?:?]
	at java.util.concurrent.ThreadPoolExecutor.runWorker(ThreadPoolExecutor.java:1136) [?:?]
	at java.util.concurrent.ThreadPoolExecutor$Worker.run(ThreadPoolExecutor.java:635) [?:?]
	at java.lang.Thread.run(Thread.java:840) [?:?]
Caused by: java.lang.IllegalStateException: Shutdown in progress
	at java.lang.ApplicationShutdownHooks.add(ApplicationShutdownHooks.java:66) ~[?:?]
	at java.lang.Runtime.addShutdownHook(Runtime.java:216) ~[?:?]
	at com.amazon.ws.emr.hadoop.fs.files.TemporaryDirectoryShutdownHook.<clinit>(TemporaryDirectoryShutdownHook.java:18) ~[emrfs-hadoop-assembly-2.69.0.jar:?]
	... 31 more
INFO	2025-09-18T20:34:27,069	34100	com.amazonaws.services.glue.LogPusher	[shutdown-hook-0]	60	uploading file:///var/log/spark/apps to s3://aws-glue-assets-554930853557-us-east-2/sparkHistoryLogs/
INFO	2025-09-18T20:34:27,067	34098	org.apache.spark.SparkContext	[shutdown-hook-0]	60	Successfully stopped SparkContext
INFO	2025-09-18T20:34:27,024	34055	org.apache.spark.scheduler.OutputCommitCoordinator$OutputCommitCoordinatorEndpoint	[dispatcher-event-loop-0]	60	OutputCommitCoordinator stopped!
INFO	2025-09-18T20:34:26,554	33585	org.apache.spark.storage.BlockManagerMaster	[shutdown-hook-0]	60	BlockManagerMaster stopped
INFO	2025-09-18T20:34:26,551	33582	org.apache.spark.storage.memory.MemoryStore	[shutdown-hook-0]	60	MemoryStore cleared
INFO	2025-09-18T20:34:26,551	33582	org.apache.spark.storage.BlockManager	[shutdown-hook-0]	60	BlockManager stopped
INFO	2025-09-18T20:34:26,532	33563	org.apache.spark.MapOutputTrackerMasterEndpoint	[dispatcher-event-loop-0]	60	MapOutputTrackerMasterEndpoint stopped!
INFO	2025-09-18T20:34:26,468	33499	glue.ch.cern.sparkmeasure.FlightRecorderTaskMetrics	[spark-listener-group-shared]	116	Writing Task Metrics data serialized as json to /tmp/taskMetrics_flightRecorder
INFO	2025-09-18T20:34:26,462	33493	glue.ch.cern.sparkmeasure.FlightRecorderTaskMetrics	[spark-listener-group-shared]	102	Spark application ended, timestamp = 1758227666350
INFO	2025-09-18T20:34:26,357	33388	org.apache.spark.scheduler.cluster.glue.JESSchedulerBackend$JESAsSchedulerBackendEndpoint	[dispatcher-CoarseGrainedScheduler]	60	Asking each executor to shut down
INFO	2025-09-18T20:34:26,364	33395	glue.ch.cern.sparkmeasure.FlightRecorderStageMetrics	[spark-listener-group-shared]	43	Spark application ended, timestamp = 1758227666350
WARN	2025-09-18T20:34:26,364	33395	glue.ch.cern.sparkmeasure.FlightRecorderStageMetrics	[spark-listener-group-shared]	57	Writing Stage Metrics data serialized as json to /tmp/stageMetrics_flightRecorder
INFO	2025-09-18T20:34:26,357	33388	org.apache.spark.scheduler.cluster.glue.JESSchedulerBackend	[shutdown-hook-0]	60	Shutting down all executors
INFO	2025-09-18T20:34:26,357	33388	com.amazonaws.services.glueexceptionanalysis.EventLogFileWriter	[spark-listener-group-shared]	70	Logs, events processed and insights are written to file /tmp/glue-exception-analysis-logs/spark-application-1758227643653
INFO	2025-09-18T20:34:26,355	33386	org.apache.spark.scheduler.cluster.glue.JESSchedulerBackend	[shutdown-hook-0]	60	Stopping JES Scheduler Backend.
INFO	2025-09-18T20:34:26,348	33379	org.apache.spark.SparkContext	[shutdown-hook-0]	60	Invoking stop() from shutdown hook
INFO	2025-09-18T20:34:26,349	33380	org.apache.spark.SparkContext	[shutdown-hook-0]	60	SparkContext is stopping with exitCode 0.
java.lang.reflect.InvocationTargetException
	at java.base/jdk.internal.reflect.NativeMethodAccessorImpl.invoke0(Native Method)
	at java.base/jdk.internal.reflect.NativeMethodAccessorImpl.invoke(NativeMethodAccessorImpl.java:77)
	at java.base/jdk.internal.reflect.DelegatingMethodAccessorImpl.invoke(DelegatingMethodAccessorImpl.java:43)
	at java.base/java.lang.reflect.Method.invoke(Method.java:569)
	at com.amazonaws.services.glue.SparkProcessLauncherPlugin.invoke(ProcessLauncher.scala:55)
	at com.amazonaws.services.glue.SparkProcessLauncherPlugin.invoke$(ProcessLauncher.scala:55)
	at com.amazonaws.services.glue.ProcessLauncher$$anon$1.invoke(ProcessLauncher.scala:193)
	at com.amazonaws.services.glue.ProcessLauncher.launch(ProcessLauncher.scala:421)
	at com.amazonaws.services.glue.ProcessLauncher$.main(ProcessLauncher.scala:35)
	at com.amazonaws.services.glue.ProcessLauncher.main(ProcessLauncher.scala)
Caused by: org.apache.spark.SparkUserAppException: User application exited with 1
	at org.apache.spark.deploy.PythonRunner$.main(PythonRunner.scala:112)
	at org.apache.spark.deploy.PythonRunner.main(PythonRunner.scala)
	... 10 more
INFO	2025-09-18T20:34:26,343	33374	com.amazonaws.services.glue.LogPusher	[main]	60	stopping
INFO	2025-09-18T20:34:26,323	33354	com.amazonaws.services.glue.CloudWatchMetricsEmitter	[main]	34	Emit job error metrics
INFO	2025-09-18T20:34:26,164	33195	com.amazonaws.services.glue.CloudWatchMetricsEmitter	[main]	34	Emit job error metrics
INFO	2025-09-18T20:34:26,160	33191	com.amazonaws.services.glue.ProcessLauncher	[main]	689	Error Category: QUERY_ERROR
INFO	2025-09-18T20:34:26,160	33191	com.amazonaws.services.glue.ProcessLauncher	[main]	714	enhancedFailureReason: Error Category: QUERY_ERROR; Failed Line Number: 40; AnalysisException: [UNRESOLVED_COLUMN.WITH_SUGGESTION] A column or function parameter with name `customer_id` cannot be resolved. Did you mean one of the following? [`CustomerID`, `LastName`, `Phone`, `Title`, `rowguid`].;
INFO	2025-09-18T20:34:26,146	33177	com.amazonaws.services.glue.ProcessLauncher	[main]	687	ExceptionErrorMessage failureReason: AnalysisException: [UNRESOLVED_COLUMN.WITH_SUGGESTION] A column or function parameter with name `customer_id` cannot be resolved. Did you mean one of the following? [`CustomerID`, `LastName`, `Phone`, `Title`, `rowguid`].;
INFO	2025-09-18T20:34:26,131	33162	com.amazonaws.services.glue.ProcessLauncher	[main]	60	postprocessing
INFO	2025-09-18T20:34:26,132	33163	com.amazonaws.services.glue.ProcessLauncher	[main]	661	Enhance failure reason and emit cloudwatch error metrics.
DEBUG	2025-09-18T20:34:26,132	33163	com.amazonaws.services.glue.ProcessLauncher	[main]	666	Original failureReason: AnalysisException: [UNRESOLVED_COLUMN.WITH_SUGGESTION] A column or function parameter with name `customer_id` cannot be resolved. Did you mean one of the following? [`CustomerID`, `LastName`, `Phone`, `Title`, `rowguid`].;
DEBUG	2025-09-18T20:34:26,132	33163	com.amazonaws.services.glue.ProcessLauncher	[main]	667	exceptionErrorMessage is: 
ERROR	2025-09-18T20:34:26,128	33159	com.amazonaws.services.glueexceptionanalysis.GlueExceptionAnalysisListener	[main]	9	[Glue Exception Analysis] Last Executed Line number from script GlueS3.py: 40
ERROR	2025-09-18T20:34:26,127	33158	com.amazonaws.services.glueexceptionanalysis.GlueExceptionAnalysisListener	[main]	9	[Glue Exception Analysis] {"Event":"GlueETLJobExceptionEvent","Timestamp":1758227666125,"Failure Reason":"Traceback (most recent call last):\n  File \"<frozen runpy>\", line 291, in run_path\n  File \"<frozen runpy>\", line 98, in _run_module_code\n  File \"<frozen runpy>\", line 88, in _run_code\n  File \"/tmp/glue-job-9625485503069693324/GlueS3.py\", line 40, in <module>\n    df.filter(col(\"customer_id\").isNotNull())\n  File \"/usr/lib/spark/python/lib/pyspark.zip/pyspark/sql/dataframe.py\", line 3332, in filter\n    jdf = self._jdf.filter(condition._jc)\n          ^^^^^^^^^^^^^^^^^^^^^^^^^^^^^^^\n  File \"/usr/lib/spark/python/lib/py4j-0.10.9.7-src.zip/py4j/java_gateway.py\", line 1322, in __call__\n    return_value = get_return_value(\n                   ^^^^^^^^^^^^^^^^^\n  File \"/usr/lib/spark/python/lib/pyspark.zip/pyspark/errors/exceptions/captured.py\", line 185, in deco\n    raise converted from None\npyspark.errors.exceptions.captured.AnalysisException: [UNRESOLVED_COLUMN.WITH_SUGGESTION] A column or function parameter with name `customer_id` cannot be resolved. Did you mean one of the following? [`CustomerID`, `LastName`, `Phone`, `Title`, `rowguid`].;\n'Filter isnotnull('customer_id)\n+- Relation [CustomerID#18,NameStyle#19,Title#20,FirstName#21,MiddleName#22,LastName#23,Suffix#24,CompanyName#25,SalesPerson#26,EmailAddress#27,Phone#28,PasswordHash#29,PasswordSalt#30,rowguid#31,ModifiedDate#32] csv\n\nSpark Error Class: UNRESOLVED_COLUMN.WITH_SUGGESTION; Traceback (most recent call last):\n  File \"<frozen runpy>\", line 291, in run_path\n  File \"<frozen runpy>\", line 98, in _run_module_code\n  File \"<frozen runpy>\", line 88, in _run_code\n  File \"/tmp/glue-job-9625485503069693324/GlueS3.py\", line 40, in <module>\n    df.filter(col(\"customer_id\").isNotNull())\n  File \"/usr/lib/spark/python/lib/pyspark.zip/pyspark/sql/dataframe.py\", line 3332, in filter\n    jdf = self._jdf.filter(condition._jc)\n          ^^^^^^^^^^^^^^^^^^^^^^^^^^^^^^^\n  File \"/usr/lib/spark/python/lib/py4j-0.10.9.7-src.zip/py4j/java_gateway.py\", line 1322, in __call__\n    return_value = get_return_value(\n                   ^^^^^^^^^^^^^^^^^\n  File \"/usr/lib/spark/python/lib/pyspark.zip/pyspark/errors/exceptions/captured.py\", line 185, in deco\n    raise converted from None\npyspark.errors.exceptions.captured.AnalysisException: [UNRESOLVED_COLUMN.WITH_SUGGESTION] A column or function parameter with name `customer_id` cannot be resolved. Did you mean one of the following? [`CustomerID`, `LastName`, `Phone`, `Title`, `rowguid`].;\n'Filter isnotnull('customer_id)\n+- Relation [CustomerID#18,NameStyle#19,Title#20,FirstName#21,MiddleName#22,LastName#23,Suffix#24,CompanyName#25,SalesPerson#26,EmailAddress#27,Phone#28,PasswordHash#29,PasswordSalt#30,rowguid#31,ModifiedDate#32] csv\n","Stack Trace":[{"Declaring Class":"deco","Method Name":"raise converted from None","File Name":"/usr/lib/spark/python/lib/pyspark.zip/pyspark/errors/exceptions/captured.py","Line Number":185},{"Declaring Class":"__call__","Method Name":"return_value = get_return_value(","File Name":"/usr/lib/spark/python/lib/py4j-0.10.9.7-src.zip/py4j/java_gateway.py","Line Number":1322},{"Declaring Class":"filter","Method Name":"jdf = self._jdf.filter(condition._jc)","File Name":"/usr/lib/spark/python/lib/pyspark.zip/pyspark/sql/dataframe.py","Line Number":3332},{"Declaring Class":"<module>","Method Name":"df.filter(col(\"customer_id\").isNotNull())","File Name":"/tmp/glue-job-9625485503069693324/GlueS3.py","Line Number":40},{"Declaring Class":"deco","Method Name":"raise converted from None","File Name":"/usr/lib/spark/python/lib/pyspark.zip/pyspark/errors/exceptions/captured.py","Line Number":185},{"Declaring Class":"__call__","Method Name":"return_value = get_return_value(","File Name":"/usr/lib/spark/python/lib/py4j-0.10.9.7-src.zip/py4j/java_gateway.py","Line Number":1322},{"Declaring Class":"filter","Method Name":"jdf = self._jdf.filter(condition._jc)","File Name":"/usr/lib/spark/python/lib/pyspark.zip/pyspark/sql/dataframe.py","Line Number":3332},{"Declaring Class":"<module>","Method Name":"df.filter(col(\"customer_id\").isNotNull())","File Name":"/tmp/glue-job-9625485503069693324/GlueS3.py","Line Number":40}],"Last Executed Line number":40,"script":"GlueS3.py"}
ERROR	2025-09-18T20:34:26,101	33132	com.amazonaws.services.glue.ProcessLauncher	[main]	76	Error from Python:Traceback (most recent call last):
  File "<frozen runpy>", line 291, in run_path
  File "<frozen runpy>", line 98, in _run_module_code
  File "<frozen runpy>", line 88, in _run_code
  File "/tmp/glue-job-9625485503069693324/GlueS3.py", line 40, in <module>
    df.filter(col("customer_id").isNotNull())
  File "/usr/lib/spark/python/lib/pyspark.zip/pyspark/sql/dataframe.py", line 3332, in filter
    jdf = self._jdf.filter(condition._jc)
          ^^^^^^^^^^^^^^^^^^^^^^^^^^^^^^^
  File "/usr/lib/spark/python/lib/py4j-0.10.9.7-src.zip/py4j/java_gateway.py", line 1322, in __call__
    return_value = get_return_value(
                   ^^^^^^^^^^^^^^^^^
  File "/usr/lib/spark/python/lib/pyspark.zip/pyspark/errors/exceptions/captured.py", line 185, in deco
    raise converted from None
pyspark.errors.exceptions.captured.AnalysisException: [UNRESOLVED_COLUMN.WITH_SUGGESTION] A column or function parameter with name `customer_id` cannot be resolved. Did you mean one of the following? [`CustomerID`, `LastName`, `Phone`, `Title`, `rowguid`].;
'Filter isnotnull('customer_id)
+- Relation [CustomerID#18,NameStyle#19,Title#20,FirstName#21,MiddleName#22,LastName#23,Suffix#24,CompanyName#25,SalesPerson#26,EmailAddress#27,Phone#28,PasswordHash#29,PasswordSalt#30,rowguid#31,ModifiedDate#32] csv

Spark Error Class: UNRESOLVED_COLUMN.WITH_SUGGESTION; Traceback (most recent call last):
  File "<frozen runpy>", line 291, in run_path
  File "<frozen runpy>", line 98, in _run_module_code
  File "<frozen runpy>", line 88, in _run_code
  File "/tmp/glue-job-9625485503069693324/GlueS3.py", line 40, in <module>
    df.filter(col("customer_id").isNotNull())
  File "/usr/lib/spark/python/lib/pyspark.zip/pyspark/sql/dataframe.py", line 3332, in filter
    jdf = self._jdf.filter(condition._jc)
          ^^^^^^^^^^^^^^^^^^^^^^^^^^^^^^^
  File "/usr/lib/spark/python/lib/py4j-0.10.9.7-src.zip/py4j/java_gateway.py", line 1322, in __call__
    return_value = get_return_value(
                   ^^^^^^^^^^^^^^^^^
  File "/usr/lib/spark/python/lib/pyspark.zip/pyspark/errors/exceptions/captured.py", line 185, in deco
    raise converted from None
pyspark.errors.exceptions.captured.AnalysisException: [UNRESOLVED_COLUMN.WITH_SUGGESTION] A column or function parameter with name `customer_id` cannot be resolved. Did you mean one of the following? [`CustomerID`, `LastName`, `Phone`, `Title`, `rowguid`].;
'Filter isnotnull('customer_id)
+- Relation [CustomerID#18,NameStyle#19,Title#20,FirstName#21,MiddleName#22,LastName#23,Suffix#24,CompanyName#25,SalesPerson#26,EmailAddress#27,Phone#28,PasswordHash#29,PasswordSalt#30,rowguid#31,ModifiedDate#32] csv

INFO	2025-09-18T20:34:25,755	32786	org.apache.spark.scheduler.DAGScheduler	[Thread-10]	60	Job 1 finished: csv at NativeMethodAccessorImpl.java:0, took 6.977263 s
INFO	2025-09-18T20:34:25,753	32784	org.apache.spark.scheduler.DAGScheduler	[dag-scheduler-event-loop]	60	ResultStage 1 (csv at NativeMethodAccessorImpl.java:0) finished in 6.962 s
INFO	2025-09-18T20:34:25,754	32785	org.apache.spark.scheduler.DAGScheduler	[dag-scheduler-event-loop]	60	Job 1 is finished. Cancelling potential speculative or zombie tasks for this job
INFO	2025-09-18T20:34:25,754	32785	org.apache.spark.scheduler.TaskSchedulerImpl	[dag-scheduler-event-loop]	60	Killing all running tasks in stage 1: Stage finished
INFO	2025-09-18T20:34:25,751	32782	org.apache.spark.scheduler.TaskSetManager	[task-result-getter-1]	60	Finished task 0.0 in stage 1.0 (TID 1) in 6937 ms on 172.36.90.6 (executor 4) (1/1)
INFO	2025-09-18T20:34:25,751	32782	org.apache.spark.scheduler.TaskSchedulerImpl	[task-result-getter-1]	60	Removed TaskSet 1.0, whose tasks have all completed, from pool 
INFO	2025-09-18T20:34:23,545	30576	org.apache.spark.storage.BlockManagerInfo	[dispatcher-BlockManagerMaster]	60	Added broadcast_4_piece0 in memory on 172.36.90.6:33657 (size: 58.4 KiB, free: 5.8 GiB)
INFO	2025-09-18T20:34:19,413	26444	org.apache.spark.storage.BlockManagerInfo	[dispatcher-BlockManagerMaster]	60	Removed broadcast_2_piece0 on 172.36.137.162:36471 in memory (size: 58.4 KiB, free: 5.8 GiB)
INFO	2025-09-18T20:34:19,410	26441	org.apache.spark.storage.BlockManagerInfo	[dispatcher-BlockManagerMaster]	60	Removed broadcast_2_piece0 on 172.35.7.242:46839 in memory (size: 58.4 KiB, free: 5.8 GiB)
INFO	2025-09-18T20:34:19,374	26405	org.apache.spark.storage.BlockManagerInfo	[dispatcher-BlockManagerMaster]	60	Removed broadcast_3_piece0 on 172.36.137.162:36471 in memory (size: 8.4 KiB, free: 5.8 GiB)
INFO	2025-09-18T20:34:19,361	26392	org.apache.spark.storage.BlockManagerInfo	[dispatcher-BlockManagerMaster]	60	Removed broadcast_3_piece0 on 172.35.7.242:46839 in memory (size: 8.4 KiB, free: 5.8 GiB)
INFO	2025-09-18T20:34:19,265	26296	org.apache.spark.storage.BlockManagerInfo	[dispatcher-BlockManagerMaster]	60	Added broadcast_5_piece0 in memory on 172.36.90.6:33657 (size: 26.9 KiB, free: 5.8 GiB)
INFO	2025-09-18T20:34:18,813	25844	org.apache.spark.scheduler.TaskSetManager	[dispatcher-CoarseGrainedScheduler]	60	Starting task 0.0 in stage 1.0 (TID 1) (172.36.90.6, executor 4, partition 0, ANY, 10386 bytes) 
INFO	2025-09-18T20:34:18,811	25842	org.apache.spark.scheduler.TaskSchedulerImpl	[dag-scheduler-event-loop]	60	Adding task set 1.0 with 1 tasks resource profile 0
INFO	2025-09-18T20:34:18,811	25842	org.apache.spark.scheduler.DAGScheduler	[dag-scheduler-event-loop]	60	Submitting 1 missing tasks from ResultStage 1 (MapPartitionsRDD[9] at csv at NativeMethodAccessorImpl.java:0) (first 15 tasks are for partitions Vector(0))
INFO	2025-09-18T20:34:18,809	25840	org.apache.spark.SparkContext	[dag-scheduler-event-loop]	60	Created broadcast 5 from broadcast at DAGScheduler.scala:1664
INFO	2025-09-18T20:34:18,809	25840	org.apache.spark.storage.BlockManagerInfo	[dispatcher-BlockManagerMaster]	60	Added broadcast_5_piece0 in memory on 172.35.7.242:46839 (size: 26.9 KiB, free: 5.8 GiB)
INFO	2025-09-18T20:34:18,808	25839	org.apache.spark.storage.memory.MemoryStore	[dag-scheduler-event-loop]	60	Block broadcast_5_piece0 stored as bytes in memory (estimated size 26.9 KiB, actual size: 26.9 KiB, free 5.8 GiB)
INFO	2025-09-18T20:34:18,803	25834	org.apache.spark.storage.memory.MemoryStore	[dag-scheduler-event-loop]	60	Block broadcast_5 stored as values in memory (estimated size 69.1 KiB, free 5.8 GiB)
INFO	2025-09-18T20:34:18,784	25815	org.apache.spark.scheduler.DAGScheduler	[dag-scheduler-event-loop]	60	Missing parents: List()
INFO	2025-09-18T20:34:18,789	25820	org.apache.spark.scheduler.DAGScheduler	[dag-scheduler-event-loop]	60	Submitting ResultStage 1 (MapPartitionsRDD[9] at csv at NativeMethodAccessorImpl.java:0), which has no missing parents
INFO	2025-09-18T20:34:18,780	25811	org.apache.spark.scheduler.DAGScheduler	[dag-scheduler-event-loop]	60	Parents of final stage: List()
INFO	2025-09-18T20:34:18,779	25810	org.apache.spark.scheduler.DAGScheduler	[dag-scheduler-event-loop]	60	Got job 1 (csv at NativeMethodAccessorImpl.java:0) with 1 output partitions
INFO	2025-09-18T20:34:18,780	25811	org.apache.spark.scheduler.DAGScheduler	[dag-scheduler-event-loop]	60	Final stage: ResultStage 1 (csv at NativeMethodAccessorImpl.java:0)
INFO	2025-09-18T20:34:18,778	25809	org.apache.spark.SparkContext	[Thread-10]	60	Starting job: csv at NativeMethodAccessorImpl.java:0
INFO	2025-09-18T20:34:18,704	25735	org.apache.spark.sql.execution.FileSourceScanExec	[Thread-10]	60	Planning scan with bin packing, max size: 4194304 bytes, open cost is considered as scanning 4194304 bytes, number of split files: 1, prefetch: false
INFO	2025-09-18T20:34:18,704	25735	org.apache.spark.sql.execution.FileSourceScanExec	[Thread-10]	60	relation: None, fileSplitsInPartitionHistogram: Vector((1 fileSplits,1))
INFO	2025-09-18T20:34:18,701	25732	org.apache.spark.SparkContext	[Thread-10]	60	Created broadcast 4 from csv at NativeMethodAccessorImpl.java:0
INFO	2025-09-18T20:34:18,699	25730	org.apache.spark.storage.memory.MemoryStore	[Thread-10]	60	Block broadcast_4_piece0 stored as bytes in memory (estimated size 58.4 KiB, actual size: 58.4 KiB, free 5.8 GiB)
INFO	2025-09-18T20:34:18,700	25731	org.apache.spark.storage.BlockManagerInfo	[dispatcher-BlockManagerMaster]	60	Added broadcast_4_piece0 in memory on 172.35.7.242:46839 (size: 58.4 KiB, free: 5.8 GiB)
INFO	2025-09-18T20:34:18,681	25712	org.apache.spark.storage.memory.MemoryStore	[Thread-10]	60	Block broadcast_4 stored as values in memory (estimated size 300.9 KiB, free 5.8 GiB)
INFO	2025-09-18T20:34:18,662	25693	org.apache.spark.sql.execution.datasources.FileSourceStrategy	[Thread-10]	60	Post-Scan Filters: 
INFO	2025-09-18T20:34:18,661	25692	org.apache.spark.sql.execution.datasources.FileSourceStrategy	[Thread-10]	60	Pushed Filters: 
INFO	2025-09-18T20:34:18,563	25594	org.apache.spark.sql.execution.SQLExecution	[Thread-10]	60	Posted SparkListenerSQLExecutionObfuscatedInfo in 4 ms
INFO	2025-09-18T20:34:18,559	25590	org.apache.spark.sql.execution.SQLExecution	[Thread-10]	60	Generating and posting SparkListenerSQLExecutionObfuscatedInfo...
INFO	2025-09-18T20:34:18,544	25575	org.apache.spark.sql.catalyst.expressions.codegen.CodeGenerator	[Thread-10]	60	Code generated in 17.104062 ms
INFO	2025-09-18T20:34:18,509	25540	org.apache.spark.scheduler.DAGScheduler	[Thread-10]	60	Job 0 finished: csv at NativeMethodAccessorImpl.java:0, took 4.463823 s
INFO	2025-09-18T20:34:18,505	25536	org.apache.spark.scheduler.TaskSchedulerImpl	[dag-scheduler-event-loop]	60	Killing all running tasks in stage 0: Stage finished
INFO	2025-09-18T20:34:18,504	25535	org.apache.spark.scheduler.DAGScheduler	[dag-scheduler-event-loop]	60	Job 0 is finished. Cancelling potential speculative or zombie tasks for this job
INFO	2025-09-18T20:34:18,497	25528	org.apache.spark.scheduler.DAGScheduler	[dag-scheduler-event-loop]	60	ResultStage 0 (csv at NativeMethodAccessorImpl.java:0) finished in 4.386 s
INFO	2025-09-18T20:34:18,485	25516	org.apache.spark.scheduler.TaskSchedulerImpl	[task-result-getter-0]	60	Removed TaskSet 0.0, whose tasks have all completed, from pool 
INFO	2025-09-18T20:34:18,482	25513	org.apache.spark.scheduler.TaskSetManager	[task-result-getter-0]	60	Finished task 0.0 in stage 0.0 (TID 0) in 3993 ms on 172.36.137.162 (executor 8) (1/1)
INFO	2025-09-18T20:34:16,898	23929	org.apache.spark.storage.BlockManagerMasterEndpoint	[dispatcher-BlockManagerMaster]	60	Registering block manager 172.34.120.103:33055 with 5.8 GiB RAM, BlockManagerId(2, 172.34.120.103, 33055, None)
INFO	2025-09-18T20:34:16,790	23821	org.apache.spark.scheduler.cluster.glue.ExecutorEventListener	[spark-listener-group-shared]	60	Got executor added event for 2 @ 1758227656790
INFO	2025-09-18T20:34:16,791	23822	org.apache.spark.scheduler.cluster.glue.allocator.ExecutorTaskAllocator	[spark-listener-group-shared]	60	connected executor 2
INFO	2025-09-18T20:34:16,788	23819	org.apache.spark.scheduler.cluster.glue.JESSchedulerBackend$JESAsSchedulerBackendEndpoint	[dispatcher-CoarseGrainedScheduler]	60	Registered executor NettyRpcEndpointRef(spark-client://Executor) (172.34.120.103:40218) with ID 2,  ResourceProfileId 0
INFO	2025-09-18T20:34:16,740	23771	org.apache.spark.storage.BlockManagerInfo	[dispatcher-BlockManagerMaster]	60	Added broadcast_2_piece0 in memory on 172.36.137.162:36471 (size: 58.4 KiB, free: 5.8 GiB)
INFO	2025-09-18T20:34:16,179	23210	org.apache.spark.storage.BlockManagerMasterEndpoint	[dispatcher-BlockManagerMaster]	60	Registering block manager 172.34.111.10:46105 with 5.8 GiB RAM, BlockManagerId(1, 172.34.111.10, 46105, None)
INFO	2025-09-18T20:34:16,079	23110	org.apache.spark.scheduler.cluster.glue.ExecutorEventListener	[spark-listener-group-shared]	60	Got executor added event for 1 @ 1758227656079
INFO	2025-09-18T20:34:16,080	23111	org.apache.spark.scheduler.cluster.glue.allocator.ExecutorTaskAllocator	[spark-listener-group-shared]	60	connected executor 1
INFO	2025-09-18T20:34:16,079	23110	org.apache.spark.scheduler.cluster.glue.JESSchedulerBackend$JESAsSchedulerBackendEndpoint	[dispatcher-CoarseGrainedScheduler]	60	Registered executor NettyRpcEndpointRef(spark-client://Executor) (172.34.111.10:45468) with ID 1,  ResourceProfileId 0
INFO	2025-09-18T20:34:16,071	23102	org.apache.spark.storage.BlockManagerMasterEndpoint	[dispatcher-BlockManagerMaster]	60	Registering block manager 172.36.90.6:33657 with 5.8 GiB RAM, BlockManagerId(4, 172.36.90.6, 33657, None)
INFO	2025-09-18T20:34:15,930	22961	org.apache.spark.storage.BlockManagerMasterEndpoint	[dispatcher-BlockManagerMaster]	60	Registering block manager 172.35.47.188:43175 with 5.8 GiB RAM, BlockManagerId(7, 172.35.47.188, 43175, None)
INFO	2025-09-18T20:34:15,906	22937	org.apache.spark.scheduler.cluster.glue.ExecutorEventListener	[spark-listener-group-shared]	60	Got executor added event for 4 @ 1758227655906
INFO	2025-09-18T20:34:15,906	22937	org.apache.spark.scheduler.cluster.glue.allocator.ExecutorTaskAllocator	[spark-listener-group-shared]	60	connected executor 4
INFO	2025-09-18T20:34:15,905	22936	org.apache.spark.scheduler.cluster.glue.JESSchedulerBackend$JESAsSchedulerBackendEndpoint	[dispatcher-CoarseGrainedScheduler]	60	Registered executor NettyRpcEndpointRef(spark-client://Executor) (172.36.90.6:43704) with ID 4,  ResourceProfileId 0
INFO	2025-09-18T20:34:15,836	22867	org.apache.spark.scheduler.cluster.glue.allocator.ExecutorTaskAllocator	[spark-listener-group-shared]	60	connected executor 7
INFO	2025-09-18T20:34:15,835	22866	org.apache.spark.scheduler.cluster.glue.ExecutorEventListener	[spark-listener-group-shared]	60	Got executor added event for 7 @ 1758227655835
INFO	2025-09-18T20:34:15,834	22865	org.apache.spark.scheduler.cluster.glue.JESSchedulerBackend$JESAsSchedulerBackendEndpoint	[dispatcher-CoarseGrainedScheduler]	60	Registered executor NettyRpcEndpointRef(spark-client://Executor) (172.35.47.188:46726) with ID 7,  ResourceProfileId 0
INFO	2025-09-18T20:34:15,236	22267	org.apache.spark.storage.BlockManagerMasterEndpoint	[dispatcher-BlockManagerMaster]	60	Registering block manager 172.36.196.205:46569 with 5.8 GiB RAM, BlockManagerId(6, 172.36.196.205, 46569, None)
INFO	2025-09-18T20:34:15,160	22191	org.apache.spark.scheduler.cluster.glue.ExecutorEventListener	[spark-listener-group-shared]	60	Got executor added event for 6 @ 1758227655160
INFO	2025-09-18T20:34:15,161	22192	org.apache.spark.scheduler.cluster.glue.allocator.ExecutorTaskAllocator	[spark-listener-group-shared]	60	connected executor 6
INFO	2025-09-18T20:34:15,159	22190	org.apache.spark.scheduler.cluster.glue.JESSchedulerBackend$JESAsSchedulerBackendEndpoint	[dispatcher-CoarseGrainedScheduler]	60	Registered executor NettyRpcEndpointRef(spark-client://Executor) (172.36.196.205:41466) with ID 6,  ResourceProfileId 0
INFO	2025-09-18T20:34:15,007	22038	org.apache.spark.storage.BlockManagerInfo	[dispatcher-BlockManagerMaster]	60	Added broadcast_3_piece0 in memory on 172.36.137.162:36471 (size: 8.4 KiB, free: 5.8 GiB)
INFO	2025-09-18T20:34:14,774	21805	org.apache.spark.storage.BlockManagerMasterEndpoint	[dispatcher-BlockManagerMaster]	60	Registering block manager 172.36.90.20:40849 with 5.8 GiB RAM, BlockManagerId(9, 172.36.90.20, 40849, None)
INFO	2025-09-18T20:34:14,707	21738	org.apache.spark.scheduler.cluster.glue.ExecutorEventListener	[spark-listener-group-shared]	60	Got executor added event for 9 @ 1758227654706
INFO	2025-09-18T20:34:14,707	21738	org.apache.spark.scheduler.cluster.glue.allocator.ExecutorTaskAllocator	[spark-listener-group-shared]	60	connected executor 9
INFO	2025-09-18T20:34:14,705	21736	org.apache.spark.scheduler.cluster.glue.JESSchedulerBackend$JESAsSchedulerBackendEndpoint	[dispatcher-CoarseGrainedScheduler]	60	Registered executor NettyRpcEndpointRef(spark-client://Executor) (172.36.90.20:59322) with ID 9,  ResourceProfileId 0
INFO	2025-09-18T20:34:14,506	21537	org.apache.spark.scheduler.TaskSetManager	[dispatcher-CoarseGrainedScheduler]	60	Starting task 0.0 in stage 0.0 (TID 0) (172.36.137.162, executor 8, partition 0, ANY, 10386 bytes) 
INFO	2025-09-18T20:34:14,257	21288	org.apache.spark.scheduler.TaskSchedulerImpl	[dag-scheduler-event-loop]	60	Adding task set 0.0 with 1 tasks resource profile 0
INFO	2025-09-18T20:34:14,255	21286	org.apache.spark.scheduler.DAGScheduler	[dag-scheduler-event-loop]	60	Submitting 1 missing tasks from ResultStage 0 (MapPartitionsRDD[3] at csv at NativeMethodAccessorImpl.java:0) (first 15 tasks are for partitions Vector(0))
INFO	2025-09-18T20:34:14,231	21262	org.apache.spark.SparkContext	[dag-scheduler-event-loop]	60	Created broadcast 3 from broadcast at DAGScheduler.scala:1664
INFO	2025-09-18T20:34:14,230	21261	org.apache.spark.storage.BlockManagerInfo	[dispatcher-BlockManagerMaster]	60	Added broadcast_3_piece0 in memory on 172.35.7.242:46839 (size: 8.4 KiB, free: 5.8 GiB)
INFO	2025-09-18T20:34:14,229	21260	org.apache.spark.storage.memory.MemoryStore	[dag-scheduler-event-loop]	60	Block broadcast_3_piece0 stored as bytes in memory (estimated size 8.4 KiB, actual size: 8.4 KiB, free 5.8 GiB)
INFO	2025-09-18T20:34:14,227	21258	org.apache.spark.storage.memory.MemoryStore	[dag-scheduler-event-loop]	60	Block broadcast_3 stored as values in memory (estimated size 17.2 KiB, free 5.8 GiB)
INFO	2025-09-18T20:34:14,078	21109	org.apache.spark.scheduler.DAGScheduler	[dag-scheduler-event-loop]	60	Submitting ResultStage 0 (MapPartitionsRDD[3] at csv at NativeMethodAccessorImpl.java:0), which has no missing parents
INFO	2025-09-18T20:34:14,063	21094	org.apache.spark.scheduler.DAGScheduler	[dag-scheduler-event-loop]	60	Missing parents: List()
INFO	2025-09-18T20:34:14,061	21092	org.apache.spark.scheduler.DAGScheduler	[dag-scheduler-event-loop]	60	Got job 0 (csv at NativeMethodAccessorImpl.java:0) with 1 output partitions
INFO	2025-09-18T20:34:14,062	21093	org.apache.spark.scheduler.DAGScheduler	[dag-scheduler-event-loop]	60	Final stage: ResultStage 0 (csv at NativeMethodAccessorImpl.java:0)
INFO	2025-09-18T20:34:14,062	21093	org.apache.spark.scheduler.DAGScheduler	[dag-scheduler-event-loop]	60	Parents of final stage: List()
INFO	2025-09-18T20:34:14,045	21076	org.apache.spark.SparkContext	[Thread-10]	60	Starting job: csv at NativeMethodAccessorImpl.java:0
INFO	2025-09-18T20:34:13,961	20992	org.apache.spark.sql.catalyst.expressions.codegen.CodeGenerator	[Thread-10]	60	Code generated in 337.60477 ms
INFO	2025-09-18T20:34:13,777	20808	org.apache.spark.storage.BlockManagerMasterEndpoint	[dispatcher-BlockManagerMaster]	60	Registering block manager 172.36.208.32:40003 with 5.8 GiB RAM, BlockManagerId(5, 172.36.208.32, 40003, None)
INFO	2025-09-18T20:34:13,708	20739	org.apache.spark.scheduler.cluster.glue.allocator.ExecutorTaskAllocator	[spark-listener-group-shared]	60	connected executor 5
INFO	2025-09-18T20:34:13,704	20735	org.apache.spark.scheduler.cluster.glue.ExecutorEventListener	[spark-listener-group-shared]	60	Got executor added event for 5 @ 1758227653704
INFO	2025-09-18T20:34:13,702	20733	org.apache.spark.scheduler.cluster.glue.JESSchedulerBackend$JESAsSchedulerBackendEndpoint	[dispatcher-CoarseGrainedScheduler]	60	Registered executor NettyRpcEndpointRef(spark-client://Executor) (172.36.208.32:46236) with ID 5,  ResourceProfileId 0
INFO	2025-09-18T20:34:13,536	20567	org.apache.spark.sql.execution.FileSourceScanExec	[Thread-10]	60	relation: None, fileSplitsInPartitionHistogram: Vector((1 fileSplits,1))
INFO	2025-09-18T20:34:13,530	20561	org.apache.spark.sql.execution.FileSourceScanExec	[Thread-10]	60	Planning scan with bin packing, max size: 4194304 bytes, open cost is considered as scanning 4194304 bytes, number of split files: 1, prefetch: false
INFO	2025-09-18T20:34:13,504	20535	org.apache.spark.storage.BlockManagerMasterEndpoint	[dispatcher-BlockManagerMaster]	60	Registering block manager 172.36.137.162:36471 with 5.8 GiB RAM, BlockManagerId(8, 172.36.137.162, 36471, None)
INFO	2025-09-18T20:34:13,492	20523	com.hadoop.compression.lzo.LzoCodec	[Thread-10]	76	Successfully loaded & initialized native-lzo library [hadoop-lzo rev 049362b7cf53ff5f739d6b1532457f2c6cd495e8]
INFO	2025-09-18T20:34:13,488	20519	com.hadoop.compression.lzo.GPLNativeCodeLoader	[Thread-10]	34	Loaded native gpl library
INFO	2025-09-18T20:34:13,471	20502	org.apache.spark.storage.BlockManagerMasterEndpoint	[dispatcher-BlockManagerMaster]	60	Registering block manager 172.34.154.103:34681 with 5.8 GiB RAM, BlockManagerId(3, 172.34.154.103, 34681, None)
INFO	2025-09-18T20:34:13,447	20478	org.apache.spark.SparkContext	[Thread-10]	60	Created broadcast 2 from csv at NativeMethodAccessorImpl.java:0
INFO	2025-09-18T20:34:13,438	20469	org.apache.spark.storage.BlockManagerInfo	[dispatcher-BlockManagerMaster]	60	Added broadcast_2_piece0 in memory on 172.35.7.242:46839 (size: 58.4 KiB, free: 5.8 GiB)
INFO	2025-09-18T20:34:13,421	20452	org.apache.spark.storage.memory.MemoryStore	[Thread-10]	60	Block broadcast_2_piece0 stored as bytes in memory (estimated size 58.4 KiB, actual size: 58.4 KiB, free 5.8 GiB)
INFO	2025-09-18T20:34:13,436	20467	org.apache.spark.scheduler.cluster.glue.ExecutorEventListener	[spark-listener-group-shared]	60	Got executor added event for 8 @ 1758227653407
INFO	2025-09-18T20:34:13,436	20467	org.apache.spark.scheduler.cluster.glue.allocator.ExecutorTaskAllocator	[spark-listener-group-shared]	60	connected executor 8
INFO	2025-09-18T20:34:13,432	20463	org.apache.spark.scheduler.cluster.glue.ExecutorEventListener	[spark-listener-group-shared]	60	Got executor added event for 3 @ 1758227653383
INFO	2025-09-18T20:34:13,433	20464	org.apache.spark.scheduler.cluster.glue.allocator.ExecutorTaskAllocator	[spark-listener-group-shared]	60	connected executor 3
INFO	2025-09-18T20:34:13,406	20437	org.apache.spark.scheduler.cluster.glue.JESSchedulerBackend$JESAsSchedulerBackendEndpoint	[dispatcher-CoarseGrainedScheduler]	60	Registered executor NettyRpcEndpointRef(spark-client://Executor) (172.36.137.162:32826) with ID 8,  ResourceProfileId 0
INFO	2025-09-18T20:34:13,392	20423	org.apache.spark.storage.memory.MemoryStore	[Thread-10]	60	Block broadcast_2 stored as values in memory (estimated size 300.9 KiB, free 5.8 GiB)
INFO	2025-09-18T20:34:13,382	20413	org.apache.spark.executor.ExecutorLogUrlHandler	[dispatcher-CoarseGrainedScheduler]	60	Fail to renew executor log urls: some of required attributes are missing in app's event log.. Required: Set(CONTAINER_ID) / available: Set(). Falling back to show app's original log urls.
INFO	2025-09-18T20:34:13,380	20411	org.apache.spark.scheduler.cluster.glue.JESSchedulerBackend$JESAsSchedulerBackendEndpoint	[dispatcher-CoarseGrainedScheduler]	60	Registered executor NettyRpcEndpointRef(spark-client://Executor) (172.34.154.103:57396) with ID 3,  ResourceProfileId 0
INFO	2025-09-18T20:34:12,988	20019	org.apache.spark.sql.execution.datasources.FileSourceStrategy	[Thread-10]	60	Post-Scan Filters: (length(trim(value#0, None)) > 0)
INFO	2025-09-18T20:34:12,987	20018	org.apache.spark.sql.execution.datasources.FileSourceStrategy	[Thread-10]	60	Pushed Filters: 
INFO	2025-09-18T20:34:10,164	17195	org.apache.spark.sql.execution.datasources.InMemoryFileIndex	[Thread-10]	60	It took 15 ms to list leaf files for 1 paths.
INFO	2025-09-18T20:34:10,080	17111	org.apache.spark.sql.execution.datasources.InMemoryFileIndex	[Thread-10]	60	It took 31 ms to list leaf files for 1 paths.
INFO	2025-09-18T20:34:09,438	16469	com.amazon.ws.emr.hadoop.fs.util.ClientConfigurationFactory	[Thread-10]	85	Set initial getObject socket timeout to 2000 ms.
INFO	2025-09-18T20:34:09,437	16468	com.amazon.ws.emr.hadoop.fs.guice.DefaultAWSCredentialsProviderFactory	[Thread-10]	72	Unable to create provider using constructor: DefaultAWSCredentialsProviderChain(java.net.URI, org.apache.hadoop.conf.Configuration)
INFO	2025-09-18T20:34:09,034	16065	org.opensearch.hadoop.util.Version	[Thread-10]	143	OpenSearch Hadoop v1.2.0 [2a4148055f]
INFO	2025-09-18T20:34:07,309	14340	org.apache.spark.storage.BlockManagerInfo	[dispatcher-BlockManagerMaster]	60	Removed broadcast_0_piece0 on 172.35.7.242:46839 in memory (size: 40.6 KiB, free: 5.8 GiB)
INFO	2025-09-18T20:34:07,300	14331	org.apache.spark.storage.BlockManagerInfo	[dispatcher-BlockManagerMaster]	60	Removed broadcast_1_piece0 on 172.35.7.242:46839 in memory (size: 40.6 KiB, free: 5.8 GiB)
INFO	2025-09-18T20:34:06,201	13232	org.apache.spark.sql.internal.SharedState	[Thread-10]	60	Warehouse path is 'file:/tmp/spark-warehouse'.
INFO	2025-09-18T20:34:06,199	13230	org.apache.spark.sql.internal.SharedState	[Thread-10]	60	spark.sql.warehouse.dir is not set, but hive.metastore.warehouse.dir is set. Setting spark.sql.warehouse.dir to the value of hive.metastore.warehouse.dir.
INFO	2025-09-18T20:34:06,158	13189	com.amazonaws.services.glue.util.JobBookmark$	[Thread-10]	71	jobbookmark is not enabled, do not init AWSGlueJobBookMarkService
INFO	2025-09-18T20:34:06,157	13188	org.apache.spark.SparkContext	[Thread-10]	60	Created broadcast 1 from broadcast at DynamoConnection.scala:55
INFO	2025-09-18T20:34:06,155	13186	org.apache.spark.storage.BlockManagerInfo	[dispatcher-BlockManagerMaster]	60	Added broadcast_1_piece0 in memory on 172.35.7.242:46839 (size: 40.6 KiB, free: 5.8 GiB)
INFO	2025-09-18T20:34:06,154	13185	org.apache.spark.storage.memory.MemoryStore	[Thread-10]	60	Block broadcast_1_piece0 stored as bytes in memory (estimated size 40.6 KiB, actual size: 40.6 KiB, free 5.8 GiB)
INFO	2025-09-18T20:34:06,136	13167	org.apache.spark.storage.memory.MemoryStore	[Thread-10]	60	Block broadcast_1 stored as values in memory (estimated size 243.0 KiB, free 5.8 GiB)
INFO	2025-09-18T20:34:06,122	13153	org.apache.spark.SparkContext	[Thread-10]	60	Created broadcast 0 from broadcast at DynamoConnection.scala:55
INFO	2025-09-18T20:34:06,118	13149	org.apache.spark.deploy.glue.client.GlueTaskGroupRMClient	[executorAllocator]	60	createChildTask API response code 200
INFO	2025-09-18T20:34:06,118	13149	org.apache.spark.scheduler.cluster.glue.allocator.ExecutorTaskAllocator	[executorAllocator]	60	executor task g-8184dc3b33fb498c60d13a22bb68f08518fd249c created for executor 9 in resource profile 0
INFO	2025-09-18T20:34:06,115	13146	org.apache.spark.storage.BlockManagerInfo	[dispatcher-BlockManagerMaster]	60	Added broadcast_0_piece0 in memory on 172.35.7.242:46839 (size: 40.6 KiB, free: 5.8 GiB)
INFO	2025-09-18T20:34:06,112	13143	org.apache.spark.storage.memory.MemoryStore	[Thread-10]	60	Block broadcast_0_piece0 stored as bytes in memory (estimated size 40.6 KiB, actual size: 40.6 KiB, free 5.8 GiB)
INFO	2025-09-18T20:34:06,021	13052	org.apache.spark.storage.memory.MemoryStore	[Thread-10]	60	Block broadcast_0 stored as values in memory (estimated size 243.0 KiB, free 5.8 GiB)
INFO	2025-09-18T20:34:05,915	12946	org.apache.spark.scheduler.cluster.glue.allocator.ExecutorTaskAllocator	[executorAllocator]	60	Creating new task with arguments List(--driver-url, spark://CoarseGrainedScheduler@172.35.7.242:40419, --executor-id, 9, --app-id, spark-application-1758227643653, --cores, 4, --resourceProfileId, 0)
INFO	2025-09-18T20:34:05,916	12947	org.apache.spark.deploy.glue.client.GlueTaskGroupRMClient	[executorAllocator]	60	creating executor task for executor 9; clientToken gr_tg-4632678204a254af58a21ac7fcca3e57a888fcfa_e_9_a_spark-application-1758227643653_p_1
INFO	2025-09-18T20:34:05,916	12947	org.apache.spark.deploy.glue.client.GlueTaskGroupRMClient	[executorAllocator]	60	Sending request to JES
INFO	2025-09-18T20:34:05,914	12945	org.apache.spark.deploy.glue.client.GlueTaskGroupRMClient	[executorAllocator]	60	createChildTask API response code 200
INFO	2025-09-18T20:34:05,915	12946	org.apache.spark.scheduler.cluster.glue.allocator.ExecutorTaskAllocator	[executorAllocator]	60	executor task g-ca67fc88185586e5775410466920bf6afb818425 created for executor 8 in resource profile 0
INFO	2025-09-18T20:34:05,915	12946	org.apache.spark.scheduler.cluster.glue.JESSchedulerBackend	[executorAllocator]	60	Creating executors task for application spark-application-1758227643653 with resource profile 0
INFO	2025-09-18T20:34:05,873	12904	com.amazonaws.services.glue.util.AvroReaderUtil$	[Thread-10]	245	Creating default Avro field parser for version 1.7.
INFO	2025-09-18T20:34:05,849	12880	com.amazonaws.services.glue.utils.EndpointConfig$	[Thread-10]	90	Endpoints: {credentials_provider=com.amazonaws.auth.DefaultAWSCredentialsProviderChain, glue.endpoint=https://glue.us-east-2.amazonaws.com, lakeformation.endpoint=https://lakeformation.us-east-2.amazonaws.com, jes.endpoint=https://glue-jes.us-east-2.amazonaws.com, region=us-east-2}
INFO	2025-09-18T20:34:05,848	12879	com.amazonaws.services.glue.utils.EndpointConfig$	[Thread-10]	36	 STAGE is prod
INFO	2025-09-18T20:34:05,846	12877	com.amazonaws.services.glue.util.FileListPersistence	[Thread-10]	37	create FileListPersistence with conf: fs.s3.serverSideEncryption.kms.keyId: None
INFO	2025-09-18T20:34:05,844	12875	com.amazon.ws.emr.hadoop.fs.util.ClientConfigurationFactory	[Thread-10]	85	Set initial getObject socket timeout to 2000 ms.
INFO	2025-09-18T20:34:05,843	12874	com.amazon.ws.emr.hadoop.fs.guice.DefaultAWSCredentialsProviderFactory	[Thread-10]	72	Unable to create provider using constructor: DefaultAWSCredentialsProviderChain(java.net.URI, org.apache.hadoop.conf.Configuration)
INFO	2025-09-18T20:34:05,810	12841	com.amazonaws.services.glue.util.Job$	[Thread-10]	103	Job run ID under runId method is jr_11afe27df3d8914731629a429d7de3537d4ad5c91ad48d30f319144a0059412e 
INFO	2025-09-18T20:34:05,809	12840	com.amazonaws.services.glue.util.Job$	[Thread-10]	94	runId Method is Invoked 
INFO	2025-09-18T20:34:05,785	12816	org.apache.spark.metrics.source.ObservabilityTaskInfoRecorderListener	[Thread-10]	68	PerformanceMetricsSource is initiated
INFO	2025-09-18T20:34:05,786	12817	com.amazonaws.services.glue.GlueContext	[Thread-10]	129	ObservabilityMetrics configured and enabled
INFO	2025-09-18T20:34:05,784	12815	org.apache.spark.metrics.source.StageSkewness	[Thread-10]	29	[Observability] Skewness metric using Skewness Factor = 5
INFO	2025-09-18T20:34:05,783	12814	org.apache.spark.metrics.source.ObservabilityTaskInfoRecorderListener	[Thread-10]	53	ResourceUtilizationMetricsSource is initiated
INFO	2025-09-18T20:34:05,781	12812	org.apache.spark.metrics.source.ObservabilityTaskInfoRecorderListener	[Thread-10]	28	ThroughputMetricsSource is initiated
INFO	2025-09-18T20:34:05,779	12810	com.amazonaws.services.glue.GlueContext	[Thread-10]	121	GlueMetrics configured and enabled
INFO	2025-09-18T20:34:05,746	12777	org.apache.spark.deploy.glue.client.GlueTaskGroupRMClient	[executorAllocator]	60	Sending request to JES
INFO	2025-09-18T20:34:05,745	12776	org.apache.spark.scheduler.cluster.glue.JESSchedulerBackend	[executorAllocator]	60	Creating executors task for application spark-application-1758227643653 with resource profile 0
INFO	2025-09-18T20:34:05,746	12777	org.apache.spark.scheduler.cluster.glue.allocator.ExecutorTaskAllocator	[executorAllocator]	60	Creating new task with arguments List(--driver-url, spark://CoarseGrainedScheduler@172.35.7.242:40419, --executor-id, 8, --app-id, spark-application-1758227643653, --cores, 4, --resourceProfileId, 0)
INFO	2025-09-18T20:34:05,746	12777	org.apache.spark.deploy.glue.client.GlueTaskGroupRMClient	[executorAllocator]	60	creating executor task for executor 8; clientToken gr_tg-4632678204a254af58a21ac7fcca3e57a888fcfa_e_8_a_spark-application-1758227643653_p_1
INFO	2025-09-18T20:34:05,744	12775	org.apache.spark.deploy.glue.client.GlueTaskGroupRMClient	[executorAllocator]	60	createChildTask API response code 200
INFO	2025-09-18T20:34:05,745	12776	org.apache.spark.scheduler.cluster.glue.allocator.ExecutorTaskAllocator	[executorAllocator]	60	executor task g-935c9b97d36879b5bdf990a52ceae6d9e14975aa created for executor 7 in resource profile 0
INFO	2025-09-18T20:34:05,566	12597	org.apache.spark.scheduler.cluster.glue.allocator.ExecutorTaskAllocator	[executorAllocator]	60	Creating new task with arguments List(--driver-url, spark://CoarseGrainedScheduler@172.35.7.242:40419, --executor-id, 7, --app-id, spark-application-1758227643653, --cores, 4, --resourceProfileId, 0)
INFO	2025-09-18T20:34:05,567	12598	org.apache.spark.deploy.glue.client.GlueTaskGroupRMClient	[executorAllocator]	60	creating executor task for executor 7; clientToken gr_tg-4632678204a254af58a21ac7fcca3e57a888fcfa_e_7_a_spark-application-1758227643653_p_1
INFO	2025-09-18T20:34:05,567	12598	org.apache.spark.deploy.glue.client.GlueTaskGroupRMClient	[executorAllocator]	60	Sending request to JES
INFO	2025-09-18T20:34:05,565	12596	org.apache.spark.deploy.glue.client.GlueTaskGroupRMClient	[executorAllocator]	60	createChildTask API response code 200
INFO	2025-09-18T20:34:05,565	12596	org.apache.spark.scheduler.cluster.glue.allocator.ExecutorTaskAllocator	[executorAllocator]	60	executor task g-514ff2080cbfa15306e2dd675269c842aa094957 created for executor 6 in resource profile 0
INFO	2025-09-18T20:34:05,566	12597	org.apache.spark.scheduler.cluster.glue.JESSchedulerBackend	[executorAllocator]	60	Creating executors task for application spark-application-1758227643653 with resource profile 0
INFO	2025-09-18T20:34:05,393	12424	org.apache.spark.deploy.glue.client.GlueTaskGroupRMClient	[executorAllocator]	60	creating executor task for executor 6; clientToken gr_tg-4632678204a254af58a21ac7fcca3e57a888fcfa_e_6_a_spark-application-1758227643653_p_1
INFO	2025-09-18T20:34:05,393	12424	org.apache.spark.deploy.glue.client.GlueTaskGroupRMClient	[executorAllocator]	60	Sending request to JES
INFO	2025-09-18T20:34:05,392	12423	org.apache.spark.scheduler.cluster.glue.allocator.ExecutorTaskAllocator	[executorAllocator]	60	Creating new task with arguments List(--driver-url, spark://CoarseGrainedScheduler@172.35.7.242:40419, --executor-id, 6, --app-id, spark-application-1758227643653, --cores, 4, --resourceProfileId, 0)
INFO	2025-09-18T20:34:05,390	12421	org.apache.spark.scheduler.cluster.glue.allocator.ExecutorTaskAllocator	[executorAllocator]	60	executor task g-6d178c6d3178db712eb3efc3dc632ff3cd0daac8 created for executor 5 in resource profile 0
INFO	2025-09-18T20:34:05,390	12421	org.apache.spark.scheduler.cluster.glue.JESSchedulerBackend	[executorAllocator]	60	Creating executors task for application spark-application-1758227643653 with resource profile 0
INFO	2025-09-18T20:34:05,390	12421	org.apache.spark.deploy.glue.client.GlueTaskGroupRMClient	[executorAllocator]	60	createChildTask API response code 200
INFO	2025-09-18T20:34:05,218	12249	org.apache.spark.deploy.glue.client.GlueTaskGroupRMClient	[executorAllocator]	60	Sending request to JES
INFO	2025-09-18T20:34:05,218	12249	org.apache.spark.scheduler.cluster.glue.allocator.ExecutorTaskAllocator	[executorAllocator]	60	Creating new task with arguments List(--driver-url, spark://CoarseGrainedScheduler@172.35.7.242:40419, --executor-id, 5, --app-id, spark-application-1758227643653, --cores, 4, --resourceProfileId, 0)
INFO	2025-09-18T20:34:05,218	12249	org.apache.spark.deploy.glue.client.GlueTaskGroupRMClient	[executorAllocator]	60	creating executor task for executor 5; clientToken gr_tg-4632678204a254af58a21ac7fcca3e57a888fcfa_e_5_a_spark-application-1758227643653_p_1
INFO	2025-09-18T20:34:05,216	12247	org.apache.spark.deploy.glue.client.GlueTaskGroupRMClient	[executorAllocator]	60	createChildTask API response code 200
INFO	2025-09-18T20:34:05,217	12248	org.apache.spark.scheduler.cluster.glue.allocator.ExecutorTaskAllocator	[executorAllocator]	60	executor task g-99aff78ae372ddb60dc0463dcc8b4a303b36408e created for executor 4 in resource profile 0
INFO	2025-09-18T20:34:05,217	12248	org.apache.spark.scheduler.cluster.glue.JESSchedulerBackend	[executorAllocator]	60	Creating executors task for application spark-application-1758227643653 with resource profile 0
INFO	2025-09-18T20:34:04,982	12013	org.apache.spark.scheduler.cluster.glue.allocator.ExecutorTaskAllocator	[executorAllocator]	60	Creating new task with arguments List(--driver-url, spark://CoarseGrainedScheduler@172.35.7.242:40419, --executor-id, 4, --app-id, spark-application-1758227643653, --cores, 4, --resourceProfileId, 0)
INFO	2025-09-18T20:34:04,983	12014	org.apache.spark.deploy.glue.client.GlueTaskGroupRMClient	[executorAllocator]	60	creating executor task for executor 4; clientToken gr_tg-4632678204a254af58a21ac7fcca3e57a888fcfa_e_4_a_spark-application-1758227643653_p_1
INFO	2025-09-18T20:34:04,983	12014	org.apache.spark.deploy.glue.client.GlueTaskGroupRMClient	[executorAllocator]	60	Sending request to JES
INFO	2025-09-18T20:34:04,981	12012	org.apache.spark.deploy.glue.client.GlueTaskGroupRMClient	[executorAllocator]	60	createChildTask API response code 200
INFO	2025-09-18T20:34:04,982	12013	org.apache.spark.scheduler.cluster.glue.allocator.ExecutorTaskAllocator	[executorAllocator]	60	executor task g-c51e3877a28c411a6be5d95daf3f88165221092a created for executor 3 in resource profile 0
INFO	2025-09-18T20:34:04,982	12013	org.apache.spark.scheduler.cluster.glue.JESSchedulerBackend	[executorAllocator]	60	Creating executors task for application spark-application-1758227643653 with resource profile 0
INFO	2025-09-18T20:34:04,802	11833	org.apache.spark.deploy.glue.client.GlueTaskGroupRMClient	[executorAllocator]	60	Sending request to JES
INFO	2025-09-18T20:34:04,801	11832	org.apache.spark.scheduler.cluster.glue.allocator.ExecutorTaskAllocator	[executorAllocator]	60	Creating new task with arguments List(--driver-url, spark://CoarseGrainedScheduler@172.35.7.242:40419, --executor-id, 3, --app-id, spark-application-1758227643653, --cores, 4, --resourceProfileId, 0)
INFO	2025-09-18T20:34:04,801	11832	org.apache.spark.deploy.glue.client.GlueTaskGroupRMClient	[executorAllocator]	60	creating executor task for executor 3; clientToken gr_tg-4632678204a254af58a21ac7fcca3e57a888fcfa_e_3_a_spark-application-1758227643653_p_1
INFO	2025-09-18T20:34:04,799	11830	org.apache.spark.deploy.glue.client.GlueTaskGroupRMClient	[executorAllocator]	60	createChildTask API response code 200
INFO	2025-09-18T20:34:04,799	11830	org.apache.spark.scheduler.cluster.glue.allocator.ExecutorTaskAllocator	[executorAllocator]	60	executor task g-d578507b09b1ffb6d8ae31df7961394fc5ca9a14 created for executor 2 in resource profile 0
INFO	2025-09-18T20:34:04,800	11831	org.apache.spark.scheduler.cluster.glue.JESSchedulerBackend	[executorAllocator]	60	Creating executors task for application spark-application-1758227643653 with resource profile 0
INFO	2025-09-18T20:34:04,731	11762	org.apache.spark.scheduler.cluster.glue.JESSchedulerBackend	[Thread-10]	60	SchedulerBackend is ready for scheduling beginning after reached minRegisteredResourcesRatio: 0.0
INFO	2025-09-18T20:34:04,714	11745	org.apache.spark.executor.ExecutorLogUrlHandler	[Thread-10]	60	Fail to renew executor log urls: some of required attributes are missing in app's event log.. Required: Set(CONTAINER_ID) / available: Set(). Falling back to show app's original log urls.
INFO	2025-09-18T20:34:04,700	11731	org.apache.spark.scheduler.cluster.glue.JESSchedulerBackend	[Thread-10]	60	getDriverLogUrls Map()
INFO	2025-09-18T20:34:04,662	11693	org.apache.spark.SparkContext	[Thread-10]	60	Registered listener glue.ch.cern.sparkmeasure.FlightRecorderStageMetrics
INFO	2025-09-18T20:34:04,662	11693	org.apache.spark.SparkContext	[Thread-10]	60	Registered listener glue.ch.cern.sparkmeasure.FlightRecorderTaskMetrics
INFO	2025-09-18T20:34:04,660	11691	org.apache.spark.SparkContext	[Thread-10]	60	Registered listener com.amazonaws.services.glueexceptionanalysis.GlueExceptionAnalysisListener
INFO	2025-09-18T20:34:04,661	11692	org.apache.spark.SparkContext	[Thread-10]	60	Registered listener com.amazonaws.services.gluedi.sensei.autodebugging.listeners.AutoDebuggingListener
INFO	2025-09-18T20:34:04,659	11690	glue.ch.cern.sparkmeasure.FlightRecorderTaskMetrics	[Thread-10]	195	Writing output to /tmp/taskMetrics_flightRecorder
INFO	2025-09-18T20:34:04,659	11690	glue.ch.cern.sparkmeasure.FlightRecorderTaskMetrics	[Thread-10]	173	Using json as serialization format.
INFO	2025-09-18T20:34:04,657	11688	glue.ch.cern.sparkmeasure.FlightRecorderStageMetrics	[Thread-10]	173	Using json as serialization format.
INFO	2025-09-18T20:34:04,658	11689	glue.ch.cern.sparkmeasure.FlightRecorderStageMetrics	[Thread-10]	195	Writing output to /tmp/stageMetrics_flightRecorder
INFO	2025-09-18T20:34:04,652	11683	com.amazonaws.services.gluedi.sensei.autodebugging.writers.AutoDebuggingEventLogFileWriter	[Thread-10]	62	Started file writer.
INFO	2025-09-18T20:34:04,648	11679	com.amazonaws.services.gluedi.sensei.autodebugging.writers.AutoDebuggingEventLogFileWriter	[Thread-10]	48	Event log /tmp/SenseiAutoDebuggingSparkEventLog already exists. Overwriting...
INFO	2025-09-18T20:34:04,622	11653	com.amazonaws.services.glueexceptionanalysis.EventLogFileWriter	[Thread-10]	51	Started file writer for com.amazonaws.services.glueexceptionanalysis.EventLogFileWriter
INFO	2025-09-18T20:34:04,606	11637	org.apache.spark.scheduler.cluster.glue.allocator.ExecutorTaskAllocator	[executorAllocator]	60	Creating new task with arguments List(--driver-url, spark://CoarseGrainedScheduler@172.35.7.242:40419, --executor-id, 2, --app-id, spark-application-1758227643653, --cores, 4, --resourceProfileId, 0)
INFO	2025-09-18T20:34:04,607	11638	org.apache.spark.deploy.glue.client.GlueTaskGroupRMClient	[executorAllocator]	60	creating executor task for executor 2; clientToken gr_tg-4632678204a254af58a21ac7fcca3e57a888fcfa_e_2_a_spark-application-1758227643653_p_1
INFO	2025-09-18T20:34:04,607	11638	org.apache.spark.deploy.glue.client.GlueTaskGroupRMClient	[executorAllocator]	60	Sending request to JES
INFO	2025-09-18T20:34:04,605	11636	org.apache.spark.scheduler.cluster.glue.JESSchedulerBackend	[executorAllocator]	60	Creating executors task for application spark-application-1758227643653 with resource profile 0
INFO	2025-09-18T20:34:04,605	11636	org.apache.spark.scheduler.cluster.glue.allocator.ExecutorTaskAllocator	[executorAllocator]	60	executor task g-c64039370d614cfb025504b03888ca714d282764 created for executor 1 in resource profile 0
INFO	2025-09-18T20:34:04,603	11634	org.apache.spark.deploy.glue.client.GlueTaskGroupRMClient	[executorAllocator]	60	createChildTask API response code 200
INFO	2025-09-18T20:34:04,460	11491	org.apache.spark.deploy.history.SingleEventLogFileWriter	[Thread-10]	60	Logging events to file:/var/log/spark/apps/spark-application-1758227643653.inprogress
INFO	2025-09-18T20:34:04,220	11251	org.apache.spark.metrics.sink.GlueCloudwatchSink	[Thread-10]	16	CloudwatchSink: jobName: GlueS3 jobRunId: jr_11afe27df3d8914731629a429d7de3537d4ad5c91ad48d30f319144a0059412e
INFO	2025-09-18T20:34:03,773	10804	org.apache.spark.storage.BlockManager	[Thread-10]	60	Initialized BlockManager: BlockManagerId(driver, 172.35.7.242, 46839, None)
INFO	2025-09-18T20:34:03,772	10803	org.apache.spark.storage.BlockManagerMaster	[Thread-10]	60	Registered BlockManager BlockManagerId(driver, 172.35.7.242, 46839, None)
INFO	2025-09-18T20:34:03,769	10800	org.apache.spark.storage.BlockManagerMasterEndpoint	[dispatcher-BlockManagerMaster]	60	Registering block manager 172.35.7.242:46839 with 5.8 GiB RAM, BlockManagerId(driver, 172.35.7.242, 46839, None)
INFO	2025-09-18T20:34:03,765	10796	org.apache.spark.storage.BlockManagerMaster	[Thread-10]	60	Registering BlockManager BlockManagerId(driver, 172.35.7.242, 46839, None)
INFO	2025-09-18T20:34:03,753	10784	org.apache.spark.storage.BlockManager	[Thread-10]	60	Using org.apache.spark.storage.RandomBlockReplicationPolicy for block replication policy
INFO	2025-09-18T20:34:03,750	10781	org.apache.spark.network.netty.NettyBlockTransferService	[Thread-10]	88	Server created on 172.35.7.242:46839
INFO	2025-09-18T20:34:03,750	10781	org.apache.spark.util.Utils	[Thread-10]	60	Successfully started service 'org.apache.spark.network.netty.NettyBlockTransferService' on port 46839.
INFO	2025-09-18T20:34:03,724	10755	org.apache.spark.deploy.glue.client.GlueTaskGroupRMClient	[executorAllocator]	60	Sending request to JES
INFO	2025-09-18T20:34:03,712	10743	org.apache.spark.deploy.glue.client.GlueTaskGroupRMClient	[executorAllocator]	60	creating executor task for executor 1; clientToken gr_tg-4632678204a254af58a21ac7fcca3e57a888fcfa_e_1_a_spark-application-1758227643653_p_1
INFO	2025-09-18T20:34:03,710	10741	org.apache.spark.scheduler.cluster.glue.allocator.ExecutorTaskAllocator	[executorAllocator]	60	Creating new task with arguments List(--driver-url, spark://CoarseGrainedScheduler@172.35.7.242:40419, --executor-id, 1, --app-id, spark-application-1758227643653, --cores, 4, --resourceProfileId, 0)
INFO	2025-09-18T20:34:03,706	10737	org.apache.spark.scheduler.cluster.glue.JESSchedulerBackend	[executorAllocator]	60	Creating executors task for application spark-application-1758227643653 with resource profile 0
INFO	2025-09-18T20:34:03,699	10730	org.apache.spark.scheduler.cluster.glue.JESSchedulerBackend	[Thread-10]	60	Set total expected executors: rpId: 0, numExecs: 9
INFO	2025-09-18T20:34:03,700	10731	org.apache.spark.scheduler.cluster.glue.JESSchedulerBackend	[Thread-10]	60	Initial executors are 9
INFO	2025-09-18T20:34:03,697	10728	org.apache.spark.scheduler.cluster.glue.JESSchedulerBackend	[Thread-10]	60	Starting JES Scheduler Backend.
INFO	2025-09-18T20:34:03,659	10690	org.apache.spark.scheduler.cluster.glue.JESSchedulerBackend	[Thread-10]	60	JESSchedulerBackend
INFO	2025-09-18T20:34:02,894	9925	org.apache.spark.deploy.glue.client.GlueRMClientFactory	[Thread-10]	60	JESClusterManager: Initializing JES client with endpoint: https://glue-jes.us-east-2.amazonaws.com
INFO	2025-09-18T20:34:02,891	9922	org.apache.spark.scheduler.cluster.glue.JESClusterManager	[Thread-10]	121	Python path for executors: python_environment
INFO	2025-09-18T20:34:02,227	9258	org.apache.spark.SparkContext	[Thread-10]	60	Unpacking an archive /tmp/glue-job-9625485503069693324_glue_venv.zip#python_environment from /tmp/spark-71d8078c-4103-4b22-a464-bab16bc2494d/glue-job-9625485503069693324_glue_venv.zip to /tmp/spark-9d4c4e7f-5061-4908-a706-285a05d53484/userFiles-375f02c0-87a3-4e23-9670-d6639fbb5b91/python_environment
INFO	2025-09-18T20:34:02,175	9206	org.apache.spark.util.Utils	[Thread-10]	60	Copying /tmp/glue-job-9625485503069693324_glue_venv.zip to /tmp/spark-71d8078c-4103-4b22-a464-bab16bc2494d/glue-job-9625485503069693324_glue_venv.zip
INFO	2025-09-18T20:34:02,173	9204	org.apache.spark.SparkContext	[Thread-10]	60	Added archive /tmp/glue-job-9625485503069693324_glue_venv.zip#python_environment at spark://172.35.7.242:40419/files/glue-job-9625485503069693324_glue_venv.zip with timestamp 1758227641367
INFO	2025-09-18T20:34:02,071	9102	org.apache.spark.SparkContext	[Thread-10]	60	Added JAR /tmp/glue-job-9625485503069693324/jars/ImJ1VY-AwsGlueMLLibs.jar at spark://172.35.7.242:40419/jars/ImJ1VY-AwsGlueMLLibs.jar with timestamp 1758227641367
INFO	2025-09-18T20:34:02,070	9101	org.apache.spark.SparkContext	[Thread-10]	60	Added JAR /tmp/glue-job-9625485503069693324/jars/zaKXSh-aws-glue-di-package-5.0.714.jar at spark://172.35.7.242:40419/jars/zaKXSh-aws-glue-di-package-5.0.714.jar with timestamp 1758227641367
INFO	2025-09-18T20:34:02,014	9045	org.apache.spark.subresultcache.SubResultCacheManager	[Thread-10]	60	Sub-result caches are disabled.
INFO	2025-09-18T20:34:02,010	9041	org.apache.spark.SparkEnv	[Thread-10]	60	Registering OutputCommitCoordinator
INFO	2025-09-18T20:34:01,994	9025	org.apache.spark.storage.memory.MemoryStore	[Thread-10]	60	MemoryStore started with capacity 5.8 GiB
INFO	2025-09-18T20:34:01,980	9011	org.apache.spark.storage.DiskBlockManager	[Thread-10]	60	Created local directory at /tmp/blockmgr-5a0f1f65-8ff8-45b4-956a-b6dc7bf12203
INFO	2025-09-18T20:34:01,962	8993	org.apache.spark.SparkEnv	[Thread-10]	60	Registering BlockManagerMasterHeartbeat
INFO	2025-09-18T20:34:01,958	8989	org.apache.spark.storage.BlockManagerMasterEndpoint	[Thread-10]	60	BlockManagerMasterEndpoint up
INFO	2025-09-18T20:34:01,957	8988	org.apache.spark.storage.BlockManagerMasterEndpoint	[Thread-10]	60	Using org.apache.spark.storage.DefaultTopologyMapper for getting topology information
INFO	2025-09-18T20:34:01,937	8968	org.apache.spark.SparkEnv	[Thread-10]	60	Registering BlockManagerMaster
INFO	2025-09-18T20:34:01,900	8931	org.apache.spark.SparkEnv	[Thread-10]	60	Registering MapOutputTracker
INFO	2025-09-18T20:34:01,858	8889	org.apache.spark.util.Utils	[Thread-10]	60	Successfully started service 'sparkDriver' on port 40419.
INFO	2025-09-18T20:34:01,570	8601	org.apache.spark.SecurityManager	[Thread-10]	60	Changing modify acls groups to: 
INFO	2025-09-18T20:34:01,570	8601	org.apache.spark.SecurityManager	[Thread-10]	60	SecurityManager: authentication enabled; ui acls disabled; users with view permissions: hadoop; groups with view permissions: EMPTY; users with modify permissions: hadoop; groups with modify permissions: EMPTY
INFO	2025-09-18T20:34:01,568	8599	org.apache.spark.SecurityManager	[Thread-10]	60	Changing modify acls to: hadoop
INFO	2025-09-18T20:34:01,569	8600	org.apache.spark.SecurityManager	[Thread-10]	60	Changing view acls groups to: 
INFO	2025-09-18T20:34:01,568	8599	org.apache.spark.SecurityManager	[Thread-10]	60	Changing view acls to: hadoop
INFO	2025-09-18T20:34:01,439	8470	org.apache.spark.resource.ResourceProfileManager	[Thread-10]	60	Added ResourceProfile id: 1
INFO	2025-09-18T20:34:01,438	8469	org.apache.spark.resource.ResourceProfile	[Thread-10]	60	User executor ResourceProfile created, executor resources: Map(executorType -> name: executorType, amount: 1, script: , vendor: , cores -> name: cores, amount: 4, script: , vendor: , memory -> name: memory, amount: 10240, script: , vendor: , offHeap -> name: offHeap, amount: 0, script: , vendor: ), task resources: Map(cpus -> name: cpus, amount: 1.0)
INFO	2025-09-18T20:34:01,438	8469	org.apache.spark.resource.ResourceProfile	[Thread-10]	60	Limiting resource is cpus at 4 tasks per executor
INFO	2025-09-18T20:34:01,435	8466	org.apache.spark.resource.ResourceProfileManager	[Thread-10]	60	Added ResourceProfile id: 0
INFO	2025-09-18T20:34:01,434	8465	org.apache.spark.resource.ResourceProfile	[Thread-10]	60	Limiting resource is cpus at 4 tasks per executor
INFO	2025-09-18T20:34:01,429	8460	org.apache.spark.resource.ResourceProfile	[Thread-10]	60	Default ResourceProfile created, executor resources: Map(executorType -> name: executorType, amount: 1, script: , vendor: , cores -> name: cores, amount: 4, script: , vendor: , memory -> name: memory, amount: 10240, script: , vendor: , offHeap -> name: offHeap, amount: 0, script: , vendor: ), task resources: Map(cpus -> name: cpus, amount: 1.0)
INFO	2025-09-18T20:34:01,406	8437	org.apache.spark.SparkContext	[Thread-10]	60	Submitted application: nativespark-GlueS3-jr_11afe27df3d8914731629a429d7de3537d4ad5c91ad48d30f319144a0059412e
INFO	2025-09-18T20:34:01,405	8436	org.apache.spark.resource.ResourceUtils	[Thread-10]	60	No custom resources configured for spark.driver.
INFO	2025-09-18T20:34:01,406	8437	org.apache.spark.resource.ResourceUtils	[Thread-10]	60	==============================================================
INFO	2025-09-18T20:34:01,405	8436	org.apache.spark.resource.ResourceUtils	[Thread-10]	60	==============================================================
INFO	2025-09-18T20:34:01,376	8407	org.apache.spark.SparkContext	[Thread-10]	60	Java version 17.0.16
INFO	2025-09-18T20:34:01,375	8406	org.apache.spark.SparkContext	[Thread-10]	60	Running Spark version 3.5.4-amzn-0
INFO	2025-09-18T20:34:01,376	8407	org.apache.spark.SparkContext	[Thread-10]	60	OS info Linux, 5.10.240-238.959.amzn2.x86_64, amd64
INFO	2025-09-18T20:34:01,365	8396	org.apache.spark.emr.EMRParamSideChannel	[Thread-10]	177	Setting FGAC mode to false
INFO	2025-09-18T20:33:58,401	5432	com.amazonaws.services.glue.SafeLogging	[main]	60	Initializing logging subsystem
INFO	2025-09-18T20:33:58,370	5401	com.amazonaws.services.gluedi.sensei.autodebugging.AutoDebuggingProxy	[main]	198	initializing AutoDebuggingProxy
INFO	2025-09-18T20:33:58,302	5333	com.amazonaws.services.glue.utils.EndpointConfig$	[main]	90	Endpoints: {credentials_provider=com.amazonaws.auth.DefaultAWSCredentialsProviderChain, glue.endpoint=https://glue.us-east-2.amazonaws.com, lakeformation.endpoint=https://lakeformation.us-east-2.amazonaws.com, jes.endpoint=https://glue-jes.us-east-2.amazonaws.com, region=us-east-2}
INFO	2025-09-18T20:33:58,048	5079	com.amazonaws.services.glue.utils.EndpointConfig$	[main]	36	 STAGE is prod
INFO	2025-09-18T20:33:57,605	4636	com.amazon.ws.emr.hadoop.fs.util.ClientConfigurationFactory	[main]	85	Set initial getObject socket timeout to 2000 ms.
INFO	2025-09-18T20:33:57,449	4480	com.amazon.ws.emr.hadoop.fs.guice.DefaultAWSCredentialsProviderFactory	[main]	72	Unable to create provider using constructor: DefaultAWSCredentialsProviderChain(java.net.URI, org.apache.hadoop.conf.Configuration)
WARN	2025-09-18T20:33:57,052	4083	com.amazonaws.util.VersionInfoUtils	[main]	85	The AWS SDK for Java 1.x entered maintenance mode starting July 31, 2024 and will reach end of support on December 31, 2025. For more information, see https://aws.amazon.com/blogs/developer/the-aws-sdk-for-java-1-x-is-in-maintenance-mode-effective-july-31-2024/
You can print where on the file system the AWS SDK for Java 1.x core runtime is located by setting the AWS_JAVA_V1_PRINT_LOCATION environment variable or aws.java.v1.printLocation system property to 'true'.
This message can be disabled by setting the AWS_JAVA_V1_DISABLE_DEPRECATION_ANNOUNCEMENT environment variable or aws.java.v1.disableDeprecationAnnouncement system property to 'true'.
The AWS SDK for Java 1.x is being used here:
at java.base/java.lang.Thread.getStackTrace(Thread.java:1619)
at com.amazonaws.util.VersionInfoUtils.printDeprecationAnnouncement(VersionInfoUtils.java:81)
at com.amazonaws.util.VersionInfoUtils.<clinit>(VersionInfoUtils.java:59)
at com.amazonaws.internal.EC2ResourceFetcher.<clinit>(EC2ResourceFetcher.java:44)
at com.amazonaws.auth.InstanceMetadataServiceCredentialsFetcher.<init>(InstanceMetadataServiceCredentialsFetcher.java:38)
at com.amazonaws.auth.InstanceProfileCredentialsProvider.<init>(InstanceProfileCredentialsProvider.java:111)
at com.amazonaws.auth.InstanceProfileCredentialsProvider.<init>(InstanceProfileCredentialsProvider.java:91)
at com.amazonaws.auth.InstanceProfileCredentialsProvider.<init>(InstanceProfileCredentialsProvider.java:75)
at com.amazonaws.auth.InstanceProfileCredentialsProvider.<clinit>(InstanceProfileCredentialsProvider.java:58)
at com.amazonaws.auth.EC2ContainerCredentialsProviderWrapper.initializeProvider(EC2ContainerCredentialsProviderWrapper.java:66)
at com.amazonaws.auth.EC2ContainerCredentialsProviderWrapper.<init>(EC2ContainerCredentialsProviderWrapper.java:55)
at com.amazonaws.auth.DefaultAWSCredentialsProviderChain.<init>(DefaultAWSCredentialsProviderChain.java:60)
at com.amazonaws.auth.DefaultAWSCredentialsProviderChain.<clinit>(DefaultAWSCredentialsProviderChain.java:54)
at java.base/java.lang.Class.forName0(Native Method)
at java.base/java.lang.Class.forName(Class.java:375)
at com.amazon.ws.emr.hadoop.fs.guice.DefaultAWSCredentialsProviderFactory.getCustomAwsCredentialsProvider(DefaultAWSCredentialsProviderFactory.java:61)
at com.amazon.ws.emr.hadoop.fs.guice.DefaultAWSCredentialsProviderFactory.getAwsCredentialsProviderChain(DefaultAWSCredentialsProviderFactory.java:32)
at com.amazon.ws.emr.hadoop.fs.guice.DefaultAWSCredentialsProviderFactory.getAwsCredentialsProvider(DefaultAWSCredentialsProviderFactory.java:26)
at com.amazon.ws.emr.hadoop.fs.guice.EmrFSProdModule.getAwsCredentialsProvider(EmrFSProdModule.java:81)
at com.amazon.ws.emr.hadoop.fs.guice.EmrFSProdModule.createAmazonS3LiteClient(EmrFSProdModule.java:93)
at com.amazon.ws.emr.hadoop.fs.guice.EmrFSProdModule.createAmazonS3Lite(EmrFSProdModule.java:266)
at com.amazon.ws.emr.hadoop.fs.guice.EmrFSBaseModule.provideAmazonS3Lite(EmrFSBaseModule.java:112)
at com.amazon.ws.emr.hadoop.fs.guice.EmrFSBaseModule$$FastClassByGuice$$1597689.GUICE$TRAMPOLINE(<generated>)
at com.amazon.ws.emr.hadoop.fs.guice.EmrFSBaseModule$$FastClassByGuice$$1597689.apply(<generated>)
at com.amazon.ws.emr.hadoop.fs.shaded.com.google.inject.internal.ProviderMethod$FastClassProviderMethod.doProvision(ProviderMethod.java:260)
at com.amazon.ws.emr.hadoop.fs.shaded.com.google.inject.internal.ProviderMethod.doProvision(ProviderMethod.java:171)
at com.amazon.ws.emr.hadoop.fs.shaded.com.google.inject.internal.InternalProviderInstanceBindingImpl$CyclicFactory.provision(InternalProviderInstanceBindingImpl.java:185)
at com.amazon.ws.emr.hadoop.fs.shaded.com.google.inject.internal.InternalProviderInstanceBindingImpl$CyclicFactory.get(InternalProviderInstanceBindingImpl.java:162)
at com.amazon.ws.emr.hadoop.fs.shaded.com.google.inject.internal.ProviderToInternalFactoryAdapter.get(ProviderToInternalFactoryAdapter.java:40)
at com.amazon.ws.emr.hadoop.fs.shaded.com.google.inject.internal.SingletonScope$1.get(SingletonScope.java:169)
at com.amazon.ws.emr.hadoop.fs.shaded.com.google.inject.internal.InternalFactoryToProviderAdapter.get(InternalFactoryToProviderAdapter.java:45)
at com.amazon.ws.emr.hadoop.fs.shaded.com.google.inject.internal.SingleParameterInjector.inject(SingleParameterInjector.java:40)
at com.amazon.ws.emr.hadoop.fs.shaded.com.google.inject.internal.SingleParameterInjector.getAll(SingleParameterInjector.java:60)
at com.amazon.ws.emr.hadoop.fs.shaded.com.google.inject.internal.ProviderMethod.doProvision(ProviderMethod.java:171)
at com.amazon.ws.emr.hadoop.fs.shaded.com.google.inject.internal.InternalProviderInstanceBindingImpl$CyclicFactory.provision(InternalProviderInstanceBindingImpl.java:185)
at com.amazon.ws.emr.hadoop.fs.shaded.com.google.inject.internal.InternalProviderInstanceBindingImpl$CyclicFactory.get(InternalProviderInstanceBindingImpl.java:162)
at com.amazon.ws.emr.hadoop.fs.shaded.com.google.inject.internal.ProviderToInternalFactoryAdapter.get(ProviderToInternalFactoryAdapter.java:40)
at com.amazon.ws.emr.hadoop.fs.shaded.com.google.inject.internal.SingletonScope$1.get(SingletonScope.java:169)
at com.amazon.ws.emr.hadoop.fs.shaded.com.google.inject.internal.InternalFactoryToProviderAdapter.get(InternalFactoryToProviderAdapter.java:45)
at com.amazon.ws.emr.hadoop.fs.shaded.com.google.inject.internal.SingleFieldInjector.inject(SingleFieldInjector.java:50)
at com.amazon.ws.emr.hadoop.fs.shaded.com.google.inject.internal.MembersInjectorImpl.injectMembers(MembersInjectorImpl.java:146)
at com.amazon.ws.emr.hadoop.fs.shaded.com.google.inject.internal.ConstructorInjector.provision(ConstructorInjector.java:124)
at com.amazon.ws.emr.hadoop.fs.shaded.com.google.inject.internal.ConstructorInjector.construct(ConstructorInjector.java:91)
at com.amazon.ws.emr.hadoop.fs.shaded.com.google.inject.internal.ConstructorBindingImpl$Factory.get(ConstructorBindingImpl.java:300)
at com.amazon.ws.emr.hadoop.fs.shaded.com.google.inject.internal.FactoryProxy.get(FactoryProxy.java:60)
at com.amazon.ws.emr.hadoop.fs.shaded.com.google.inject.internal.InjectorImpl$1.get(InjectorImpl.java:1101)
at com.amazon.ws.emr.hadoop.fs.shaded.com.google.inject.internal.InjectorImpl.getInstance(InjectorImpl.java:1134)
at com.amazon.ws.emr.hadoop.fs.EmrFileSystem.initialize(EmrFileSystem.java:95)
at org.apache.hadoop.fs.FileSystem.createFileSystem(FileSystem.java:3670)
at org.apache.hadoop.fs.FileSystem.access$300(FileSystem.java:171)
at org.apache.hadoop.fs.FileSystem$Cache.getInternal(FileSystem.java:3771)
at org.apache.hadoop.fs.FileSystem$Cache.get(FileSystem.java:3722)
at org.apache.hadoop.fs.FileSystem.get(FileSystem.java:564)
at org.apache.hadoop.fs.Path.getFileSystem(Path.java:374)
at com.amazonaws.services.glue.LogPusher.<init>(LogPusher.scala:25)
at com.amazonaws.services.glue.ProcessLauncher.$anonfun$logPusher$3(ProcessLauncher.scala:256)
at scala.Option.map(Option.scala:230)
at com.amazonaws.services.glue.ProcessLauncher.$anonfun$logPusher$2(ProcessLauncher.scala:222)
at scala.Option$WithFilter.flatMap(Option.scala:271)
at com.amazonaws.services.glue.ProcessLauncher.<init>(ProcessLauncher.scala:213)
at com.amazonaws.services.glue.ProcessLauncher.<init>(ProcessLauncher.scala:194)
at com.amazonaws.services.glue.ProcessLauncher$.main(ProcessLauncher.scala:34)
at com.amazonaws.services.glue.ProcessLauncher.main(ProcessLauncher.scala)
INFO	2025-09-18T20:33:56,286	3317	com.amazon.ws.emr.hadoop.fs.util.PlatformInfo	[main]	71	Unable to read clusterId from /var/lib/info/job-flow.json, out of places to look
INFO	2025-09-18T20:33:56,285	3316	com.amazon.ws.emr.hadoop.fs.util.PlatformInfo	[main]	63	Unable to read clusterId from /var/lib/instance-controller/extraInstanceData.json, trying EMR job-flow data file: /var/lib/info/job-flow.json
INFO	2025-09-18T20:33:56,283	3314	com.amazon.ws.emr.hadoop.fs.util.PlatformInfo	[main]	56	Unable to read clusterId from http://localhost:8321/configuration, trying extra instance data file: /var/lib/instance-controller/extraInstanceData.json
INFO	2025-09-18T20:33:55,113	2144	com.amazonaws.services.glue.LogPusher	[main]	60	legacyLogging: true - logs will be written with spark application ID
INFO	2025-09-18T20:33:55,112	2143	com.amazonaws.services.glue.LogPusher	[main]	60	standardLogging: true - logs will be written with job run ID or session ID
INFO	2025-09-18T20:33:55,096	2127	com.amazonaws.services.glue.SparkUICleaner	[main]	60	SparkUILogFileCleanerThread started
Thu Sep 18 20:33:52 UTC 2025
Launching ...
Running autoDebugger shutdown hook.
INFO	2025-09-18T20:33:52,299	22843	com.amazonaws.services.glue.utils.concurrent.GlueConcurrentAsyncProcessingService	[main]	76	shutdownAsyncProcessing has been completed
DEBUG	2025-09-18T20:33:52,298	22842	com.amazonaws.services.glue.PrepareLaunch	[main]	350	returnList: List(-cp, -Dlog4j.configurationFile=/tmp/glue-job-9625485503069693324/glue-2514588713022987247log4j2.properties, -server, -Xmx10g, -XX:+UseG1GC, -XX:MaxHeapFreeRatio=70, -XX:InitiatingHeapOccupancyPercent=45, -XX:OnOutOfMemoryError=/usr/bin/bash /tmp/glue-job-9625485503069693324/exception_catch/onOOMError.sh %p jr_11afe27df3d8914731629a429d7de3537d4ad5c91ad48d30f319144a0059412e GlueS3 true true, -Dspark.blacklist.decommissioning.enabled=true, -Dspark.metrics.conf.*.source.jvm.class=org.apache.spark.metrics.source.JvmSource, -Dspark.driver.cores=4, -Dspark.hadoop.fs.AbstractFileSystem.s3.impl=org.apache.hadoop.fs.s3.EMRFSDelegate, -Dspark.metrics.conf.driver.source.throughput.class=org.apache.spark.metrics.source.ThroughputMetricsSource, -Dspark.glue.JOB_NAME=GlueS3, -Dspark.hadoop.fs.s3bfs.impl=org.apache.hadoop.fs.s3.S3FileSystem, -Dspark.sql.parquet.output.committer.class=com.amazon.emr.committer.EmrOptimizedSparkSqlParquetOutputCommitter, -Dspark.glue.enable-job-insights=true, -Dspark.sparkmeasure.printToStdout=false, -Dspark.executor.extraClassPath=/usr/lib/hadoop-lzo/lib/*:/usr/lib/hadoop/hadoop-aws.jar:/usr/share/aws/aws-java-sdk/*:/usr/share/aws/emr/emrfs/conf:/usr/share/aws/emr/emrfs/lib/*:/usr/share/aws/emr/emrfs/auxlib/*:/usr/share/aws/emr/goodies/lib/emr-spark-goodies.jar:/usr/share/aws/emr/goodies/lib/emr-serverless-spark-goodies.jar:/usr/share/aws/emr/security/conf:/usr/share/aws/emr/security/lib/*:/usr/share/aws/hmclient/lib/aws-glue-datacatalog-spark-client.jar:/usr/share/java/Hive-JSON-Serde/hive-openx-serde.jar:/usr/share/aws/sagemaker-spark-sdk/lib/sagemaker-spark-sdk.jar:/usr/share/aws/emr/s3select/lib/emr-s3-select-spark-connector.jar:/docker/usr/lib/hadoop-lzo/lib/*:/docker/usr/lib/hadoop/hadoop-aws.jar:/docker/usr/share/aws/aws-java-sdk/*:/docker/usr/share/aws/emr/emrfs/conf:/docker/usr/share/aws/emr/emrfs/lib/*:/docker/usr/share/aws/emr/emrfs/auxlib/*:/docker/usr/share/aws/emr/goodies/lib/emr-spark-goodies.jar:/docker/usr/share/aws/emr/security/conf:/docker/usr/share/aws/emr/security/lib/*:/docker/usr/share/aws/hmclient/lib/aws-glue-datacatalog-spark-client.jar:/docker/usr/share/java/Hive-JSON-Serde/hive-openx-serde.jar:/docker/usr/share/aws/sagemaker-spark-sdk/lib/sagemaker-spark-sdk.jar:/docker/usr/share/aws/emr/s3select/lib/emr-s3-select-spark-connector.jar:/usr/share/aws/redshift/jdbc/RedshiftJDBC.jar:/usr/share/aws/redshift/spark-redshift/lib/*:/usr/share/aws/iceberg/lib/iceberg-emr-common.jar:/usr/share/aws/iceberg/lib/iceberg-spark3-runtime.jar:/usr/share/aws/delta/lib/delta-spark.jar:/usr/share/aws/delta/lib/delta-storage.jar:/usr/lib/hudi/hudi-spark-bundle.jar, -Dspark.glue.glue-python-libs-dir=/tmp/glue-job-9625485503069693324/python, -Dspark.glueExceptionAnalysisEventLog.dir=/tmp/glue-exception-analysis-logs/, -Dspark.sql.hive.metastore.sharedPrefixes=software.amazon.awssdk.services.dynamodb, -Dspark.emr-serverless.client.describe.batch.size=100, -Dspark.default.parallelism=36, -Dspark.hadoop.mapred.output.direct.EmrFileSystem=true, -Dspark.hadoop.fs.s3n.impl=com.amazon.ws.emr.hadoop.fs.EmrFileSystem, -Dspark.glueJobInsights.enabled=true, -Dspark.metrics.conf.*.sink.GlueCloudwatch.glueVersion=5.0, -Dspark.executor.instances=9, -Dspark.hadoop.fs.s3.impl=com.amazon.ws.emr.hadoop.fs.EmrFileSystem, -Dspark.hadoop.hive.metastore.warehouse.dir=/tmp/spark-warehouse, -Dspark.pyspark.python=/usr/bin/python3.11, -Dspark.executor.extraLibraryPath=/usr/lib/hadoop/lib/native:/usr/lib/hadoop-lzo/lib/native:/docker/usr/lib/hadoop/lib/native:/docker/usr/lib/hadoop-lzo/lib/native, -Dspark.executor.defaultJavaOptions=-verbose:gc -XX:+PrintGCDetails -XX:+PrintGCDateStamps -XX:+UseParallelGC -XX:InitiatingHeapOccupancyPercent=70 -XX:OnOutOfMemoryError='kill -9 %p', -Dspark.glue.nativeconnectors=, -Dspark.metrics.conf.driver.source.glue.jobPerformance.class=org.apache.spark.metrics.source.PerformanceMetricsSource, -Dspark.master=custom:jes, -Dspark.hadoop.mapreduce.output.fs.optimized.committer.enabled=true, -Dspark.decommissioning.timeout.threshold=20, -Dspark.ui.enabled=false, -Dspark.glue.glue-jars-dir=/tmp/glue-job-9625485503069693324/jars, -Dspark.jars=/tmp/glue-job-9625485503069693324/jars/zaKXSh-aws-glue-di-package-5.0.714.jar,/tmp/glue-job-9625485503069693324/jars/ImJ1VY-AwsGlueMLLibs.jar, -Dspark.glue.additionalParams.USER_JARS_FIRST=false, -Dspark.glue.glue-libs-temp-dir-path=/tmp/glue-job-9625485503069693324, -Dspark.cloudwatch.logging.conf.jobRunId=com.amazonaws.services.glue.launch.helpers.SparkPropsManager@32091c14.LOGGING_JOB_RUN_ID, -Dspark.metrics.conf.*.sink.GlueCloudwatch.jobRunId=jr_11afe27df3d8914731629a429d7de3537d4ad5c91ad48d30f319144a0059412e, -Dspark.glue.scriptName=GlueS3.py, -Dspark.metrics.conf.*.source.glue.verticalScaling.class=org.apache.spark.metrics.source.VerticalScalingMetricsSource, -Dspark.executor.cores=4, -Dspark.metrics.conf.*.sink.GlueCloudwatch.legacyMetrics=true, -Dspark.submit.customResourceManager.submit.class=org.apache.spark.deploy.emrserverless.submit.EmrServerlessClientApplication, -Dspark.metrics.conf.driver.sink.AWSDILyra.class=org.apache.spark.metrics.sink.AWSDILyraSink, -Dspark.dynamicAllocation.initialExecutors=3, -Dspark.glue.enable-observability-metrics=true, -Dspark.submit.deployMode=client, -Dspark.hadoop.fs.s3.maxConnections=500, -Dspark.ui.custom.executor.log.url=/logs/{{CONTAINER_ID}}/{{FILE_NAME}}.gz, -Dspark.dynamicAllocation.shuffleTracking.enabled=true, -Dspark.metrics.conf.driver.source.AWSDILyra.class=org.apache.spark.metrics.source.AWSDILyraSource, -Dspark.metrics.conf.*.sink.GlueCloudwatch.proxyPort=-1, -Dspark.sql.shuffle.partitions=36, -Dspark.glue.JOB_RUN_ID=jr_11afe27df3d8914731629a429d7de3537d4ad5c91ad48d30f319144a0059412e, -Dspark.metrics.conf.*.sink.GlueCloudwatch.class=org.apache.spark.metrics.sink.GlueCloudwatchSink, -Dspark.glue.GLUE_VERSION=5.0, -Dspark.resourceManager.cleanupExpiredHost=true, -Dspark.hadoop.mapreduce.fileoutputcommitter.marksuccessfuljobs=false, -Dspark.files.fetchFailure.unRegisterOutputOnHost=true, -Dspark.glueAppInsightsLog.dir=/tmp/glue-app-insights-logs/, -Dspark.glue.jobLanguage=python, -Dspark.metrics.conf.*.sink.GlueCloudwatch.proxyHost=null, -Dspark.driver.host=172.35.7.242, -Dspark.files.overwrite=true, -Dspark.glue.additionalParams.PROXY_DISABLED_V2=false, -Dspark.dynamicAllocation.maxExecutors=9, -Dspark.network.timeout=600, -Dspark.eventLog.enabled=true, -Dspark.dynamicAllocation.minExecutors=1, -Dspark.glue.additionalParams.PROXY_DISABLED=false, -Dspark.metrics.conf.*.source.system.class=org.apache.spark.metrics.source.SystemMetricsSource, -Dspark.eventLog.dir=file:///var/log/spark/apps, -Dspark.metrics.conf.*.sink.GlueCloudwatch.jobName=GlueS3, -Dspark.glue.GLUE_TASK_GROUP_ID=tg-4632678204a254af58a21ac7fcca3e57a888fcfa, -Dspark.blacklist.decommissioning.timeout=1h, -Dspark.sql.emr.internal.extensions=com.amazonaws.emr.spark.EmrSparkSessionExtensions, -Dspark.hadoop.fs.s3.buffer.dir=/tmp/hadoop/s3, -Dspark.history.fs.logDirectory=file:///var/log/spark/apps, -Dspark.glue.USE_PROXY=false, -Dspark.glue.additionalParams.GLUE_LIBS_TEMP_DIR_PATH=/tmp/glue-job-9625485503069693324/, -Dspark.hadoop.fs.s3a.connection.maximum=500, -Dspark.datasource.redshift.community.trace_id=jr_11afe27df3d8914731629a429d7de3537d4ad5c91ad48d30f319144a0059412e, -Dspark.hadoop.mapred.output.direct.NativeS3FileSystem=true, -Dspark.hadoop.hive.metastore.client.factory.class=com.amazonaws.glue.catalog.metastore.AWSGlueDataCatalogHiveClientFactory, -Dspark.archives=/tmp/glue-job-9625485503069693324_glue_venv.zip#python_environment, -Dspark.metrics.conf.driver.source.aggregate.class=org.apache.spark.metrics.source.AggregateMetricsSource, -Dspark.sql.catalogImplementation=hive, -Dspark.stage.attempt.ignoreOnDecommissionFetchFailure=true, -Dspark.hadoop.fs.s3.customAWSCredentialsProvider=com.amazonaws.auth.DefaultAWSCredentialsProviderChain, -Dspark.metrics.conf.driver.source.glue.resourceUtilization.class=org.apache.spark.metrics.source.ResourceUtilizationMetricsSource, -Dspark.hadoop.fs.s3a.aws.credentials.provider=software.amazon.awssdk.auth.credentials.DefaultCredentialsProvider, -Dspark.hadoop.fs.s3.getObject.initialSocketTimeoutMilliseconds=2000, -Dspark.authenticate=true, -Dspark.dynamicAllocation.enabled=false, -Dspark.hadoop.mapreduce.fileoutputcommitter.algorithm.version.emr_internal_use_only.EmrFileSystem=2, -Dspark.shuffle.service.enabled=false, -Dspark.sparkmeasure.outputFormat=json, -Dspark.hadoop.fs.defaultFS=file:///, -Dspark.hadoop.lakeformation.credentials.url=http://localhost:9998/lakeformationcredentials, -Dspark.metrics.conf.driver.source.glue.jobPerformance.skewnessFactor=5, -Dspark.glue.additionalParams.ADDITIONAL_GLUE_JDK_OPTS=-Xmx10g -XX:+UseG1GC -XX:MaxHeapFreeRatio=70 -XX:InitiatingHeapOccupancyPercent=45, -Dspark.driver.bindAddress=172.35.7.242, -Dspark.emr-serverless.client.create.batch.size=100, -Dspark.extraListeners=com.amazonaws.services.glueexceptionanalysis.GlueExceptionAnalysisListener,com.amazonaws.services.gluedi.sensei.autodebugging.listeners.AutoDebuggingListener,glue.ch.cern.sparkmeasure.FlightRecorderStageMetrics,glue.ch.cern.sparkmeasure.FlightRecorderTaskMetrics, -Dspark.sql.parquet.fs.optimized.committer.optimization-enabled=true, -Dspark.rpc.askTimeout=600, -Dspark.metrics.conf.*.source.s3.class=org.apache.spark.metrics.source.S3FileSystemSource, -Dspark.hadoop.mapreduce.fileoutputcommitter.cleanup-failures.ignored.emr_internal_use_only.EmrFileSystem=true, -Dspark.driver.extraLibraryPath=/usr/lib/hadoop/lib/native:/usr/lib/hadoop-lzo/lib/native:/docker/usr/lib/hadoop/lib/native:/docker/usr/lib/hadoop-lzo/lib/native, -Dspark.history.ui.port=18080, -Dspark.metrics.conf.*.sink.GlueCloudwatch.namespace=Glue, -Dspark.script.location=s3://aws-glue-assets-554930853557-us-east-2/scripts/GlueS3.py, -Dspark.executor.memory=10g, -Dspark.driver.defaultJavaOptions=-XX:OnOutOfMemoryError='kill -9 %p', -Dspark.driver.memory=10g, -Dspark.glue.GLUE_COMMAND_CRITERIA=glueetl, -Dspark.unsafe.sorter.spill.read.ahead.enabled=false, -Dspark.hadoop.parquet.enable.summary-metadata=false, -Dspark.app.name=nativespark-GlueS3-jr_11afe27df3d8914731629a429d7de3537d4ad5c91ad48d30f319144a0059412e, -Dspark.executorEnv.PYTHONPATH=python_environment, -Dspark.driver.extraClassPath=/usr/lib/livy/rsc-jars/*:/usr/lib/livy/repl_2.12-jars/*:/usr/lib/hadoop-lzo/lib/*:/usr/lib/hadoop/hadoop-aws.jar:/usr/share/aws/aws-java-sdk/*:/usr/share/aws/emr/emrfs/conf:/usr/share/aws/emr/emrfs/lib/*:/usr/share/aws/emr/emrfs/auxlib/*:/usr/share/aws/emr/goodies/lib/emr-spark-goodies.jar:/usr/share/aws/emr/goodies/lib/emr-serverless-spark-goodies.jar:/usr/share/aws/emr/security/conf:/usr/share/aws/emr/security/lib/*:/usr/share/aws/hmclient/lib/aws-glue-datacatalog-spark-client.jar:/usr/share/java/Hive-JSON-Serde/hive-openx-serde.jar:/usr/share/aws/sagemaker-spark-sdk/lib/sagemaker-spark-sdk.jar:/usr/share/aws/emr/s3select/lib/emr-s3-select-spark-connector.jar:/docker/usr/lib/hadoop-lzo/lib/*:/docker/usr/lib/hadoop/hadoop-aws.jar:/docker/usr/share/aws/aws-java-sdk/*:/docker/usr/share/aws/emr/emrfs/conf:/docker/usr/share/aws/emr/emrfs/lib/*:/docker/usr/share/aws/emr/emrfs/auxlib/*:/docker/usr/share/aws/emr/goodies/lib/emr-spark-goodies.jar:/docker/usr/share/aws/emr/security/conf:/docker/usr/share/aws/emr/security/lib/*:/docker/usr/share/aws/hmclient/lib/aws-glue-datacatalog-spark-client.jar:/docker/usr/share/java/Hive-JSON-Serde/hive-openx-serde.jar:/docker/usr/share/aws/sagemaker-spark-sdk/lib/sagemaker-spark-sdk.jar:/docker/usr/share/aws/emr/s3select/lib/emr-s3-select-spark-connector.jar:/usr/share/aws/redshift/jdbc/RedshiftJDBC.jar:/usr/share/aws/redshift/spark-redshift/lib/*:/usr/share/aws/iceberg/lib/iceberg-emr-common.jar:/usr/share/aws/iceberg/lib/iceberg-spark3-runtime.jar:/usr/share/aws/delta/lib/delta-spark.jar:/usr/share/aws/delta/lib/delta-storage.jar:/usr/lib/hudi/hudi-spark-bundle.jar, -Dspark.emr-serverless.client.release.batch.size=100, -Dspark.files.useFetchCache=false, com.amazonaws.services.glue.ProcessLauncher, --launch-class, org.apache.spark.deploy.PythonRunner, /tmp/glue-job-9625485503069693324/pythonrunner/runscript.py, , /tmp/glue-job-9625485503069693324/GlueS3.py, true, --glue-di-packages-correlation-ids, 20250908-162851_,20250908-162851_,6370693903,6370693903, --job-bookmark-option, job-bookmark-disable, --internal-lib-urls, --JOB_ID, j_ee305f784899e796a9944220f5af0631fa367da13c5e6e5d73eb651ed0803424, true, --enable-spark-ui, true, --spark-event-logs-path, s3://aws-glue-assets-554930853557-us-east-2/sparkHistoryLogs/, --JOB_RUN_ID, jr_11afe27df3d8914731629a429d7de3537d4ad5c91ad48d30f319144a0059412e, --tenant-internal, glue, --JOB_NAME, GlueS3, --enable-spark-ui-legacy-path, true, --TempDir, s3://aws-glue-assets-554930853557-us-east-2/temporary/)
INFO	2025-09-18T20:33:52,299	22843	com.amazonaws.services.glue.utils.concurrent.GlueConcurrentAsyncProcessingService	[main]	50	shutdownAsyncProcessing has been Started
DEBUG	2025-09-18T20:33:52,299	22843	com.amazonaws.services.glue.utils.concurrent.GlueConcurrentAsyncProcessingService	[main]	56	Future Queue Size is :: 0
DEBUG	2025-09-18T20:33:52,297	22841	com.amazonaws.services.glue.launch.helpers.JVMPropertiesManager	[main]	129	Python Runner file is copied from /pythonrunner/runscript.py to /tmp/glue-job-9625485503069693324/pythonrunner/runscript.py 
DEBUG	2025-09-18T20:33:52,294	22838	com.amazonaws.services.glue.PrepareLaunch	[main]	333	prepareCmd is Finished. About to invoke Process Launcher
DEBUG	2025-09-18T20:33:52,289	22833	com.amazonaws.services.glue.PythonModuleInstaller	[pool-4-thread-1]	167	Time Taken for prepareVirtualEnvZipFile 152 in milliseconds
INFO	2025-09-18T20:33:52,289	22833	com.amazonaws.services.glue.utils.concurrent.PythonModuleTask	[pool-4-thread-1]	39	Setting Up Virtual Env and Application Python Modules has been completed in async mode
INFO	2025-09-18T20:33:52,138	22682	com.amazonaws.services.glue.PythonModuleInstaller	[pool-4-thread-1]	176	Command to Execute /usr/bin/bash /tmp/glue-job-9625485503069693324/pythonmodules/createvenvzip.sh /tmp/glue_venv /tmp/glue-job-9625485503069693324_glue_venv.zip
INFO	2025-09-18T20:33:46,337	16881	com.amazonaws.services.glue.PythonModuleInstaller	[pool-4-thread-1]	176	Command to Execute /usr/bin/bash /tmp/glue-job-9625485503069693324/pythonmodules/pythonmoduleinstaller.sh /tmp/glue_venv --no-index --no-deps /tmp/glue-job-9625485503069693324/python/aswDJm-AwsGlueMLLibs/amzn_awsgluemlpythonlibs-1.0-py3-none-any.whl
DEBUG	2025-09-18T20:33:46,331	16875	com.amazonaws.services.glue.PythonModuleInstaller	[pool-4-thread-1]	246	Installing zip of wheels
INFO	2025-09-18T20:33:46,332	16876	com.amazonaws.services.glue.PythonModuleInstaller	[pool-4-thread-1]	176	Command to Execute unzip /tmp/glue-job-9625485503069693324/python/aswDJm-AwsGlueMLLibs.py.zip -d /tmp/glue-job-9625485503069693324/python/aswDJm-AwsGlueMLLibs
INFO	2025-09-18T20:33:43,677	14221	com.amazonaws.services.glue.PythonModuleInstaller	[pool-4-thread-1]	176	Command to Execute /usr/bin/bash /tmp/glue-job-9625485503069693324/pythonmodules/pythonmoduleinstaller.sh /tmp/glue_venv --no-index --no-deps /tmp/glue-job-9625485503069693324/python/nH7Ebh-AWSGlueDataplanePython-5.0.714/amzn_awsgluelibs-5.0.714-py3-none-any.whl
DEBUG	2025-09-18T20:33:43,636	14180	com.amazonaws.services.glue.PythonModuleInstaller	[pool-4-thread-1]	246	Installing zip of wheels
INFO	2025-09-18T20:33:43,636	14180	com.amazonaws.services.glue.PythonModuleInstaller	[pool-4-thread-1]	176	Command to Execute unzip /tmp/glue-job-9625485503069693324/python/nH7Ebh-AWSGlueDataplanePython-5.0.714.py.zip -d /tmp/glue-job-9625485503069693324/python/nH7Ebh-AWSGlueDataplanePython-5.0.714
DEBUG	2025-09-18T20:33:43,634	14178	com.amazonaws.services.glue.PythonModuleInstaller	[pool-4-thread-1]	78	Python directory file: /tmp/glue-job-9625485503069693324/python/nH7Ebh-AWSGlueDataplanePython-5.0.714.py.zip
DEBUG	2025-09-18T20:33:43,635	14179	com.amazonaws.services.glue.PythonModuleInstaller	[pool-4-thread-1]	80	Found DILIbs Python module file with name: nH7Ebh-AWSGlueDataplanePython-5.0.714.py.zip
DEBUG	2025-09-18T20:33:43,634	14178	com.amazonaws.services.glue.PythonModuleInstaller	[pool-4-thread-1]	78	Python directory file: /tmp/glue-job-9625485503069693324/python/aswDJm-AwsGlueMLLibs.py.zip
DEBUG	2025-09-18T20:33:43,634	14178	com.amazonaws.services.glue.PythonModuleInstaller	[pool-4-thread-1]	80	Found DILIbs Python module file with name: aswDJm-AwsGlueMLLibs.py.zip
DEBUG	2025-09-18T20:33:43,631	14175	com.amazonaws.services.glue.PythonModuleInstaller	[pool-4-thread-1]	44	Total time taken for creating virtual env 7084 in milliseconds
DEBUG	2025-09-18T20:33:40,414	10958	com.amazonaws.services.glue.launch.helpers.LaunchUtils$	[main]	29	File under getFilesWithExtRecursively is : /tmp/glue-job-9625485503069693324/jars/zaKXSh-aws-glue-di-package-5.0.714.jar
DEBUG	2025-09-18T20:33:40,415	10959	com.amazonaws.services.glue.launch.helpers.LaunchUtils$	[main]	29	File under getFilesWithExtRecursively is : /tmp/glue-job-9625485503069693324/jars/ImJ1VY-AwsGlueMLLibs.jar
INFO	2025-09-18T20:33:40,406	10950	com.amazonaws.services.glue.launch.helpers.FileManager	[main]	119	Script should be downloaded at /tmp/glue-job-9625485503069693324/GlueS3.py 
INFO	2025-09-18T20:33:40,406	10950	com.amazonaws.services.glue.FileDownloader	[sdk-async-response-3-0]	145	Object downloaded. Details: GetObjectResponse(AcceptRanges=bytes, LastModified=2025-09-18T20:32:32Z, ContentLength=1594, ETag="61d0399466a36ff30d1f7bc97a99b829", ContentType=application/octet-stream; charset=UTF-8, ServerSideEncryption=AES256, Metadata={})
INFO	2025-09-18T20:33:39,348	9892	com.amazonaws.services.glue.FileDownloader	[main]	138	Download bucket: aws-glue-assets-554930853557-us-east-2 key: scripts/GlueS3.py to /tmp/glue-job-9625485503069693324/GlueS3.py with usingProxy: false and isProxyDisabled: true
INFO	2025-09-18T20:33:39,337	9881	com.amazonaws.services.glue.utils.AWSS3Utils$	[main]	32	Encoding S3 URI s3://aws-glue-assets-554930853557-us-east-2/scripts/GlueS3.py
INFO	2025-09-18T20:33:39,338	9882	com.amazonaws.services.glue.utils.AWSS3Utils$	[main]	37	Encoded S3 URI to s3://aws-glue-assets-554930853557-us-east-2/scripts/GlueS3.py
INFO	2025-09-18T20:33:38,852	9396	com.amazonaws.services.glue.FileDownloader	[main]	95	downloading s3://aws-glue-assets-554930853557-us-east-2/scripts/GlueS3.py file to destination location: /tmp/glue-job-9625485503069693324/GlueS3.py
DEBUG	2025-09-18T20:33:38,849	9393	com.amazonaws.services.glue.PrepareLaunch	[main]	206	prepareClasspath is Invoked...
DEBUG	2025-09-18T20:33:38,850	9394	com.amazonaws.services.glue.launch.helpers.FileManager	[main]	46	processJarsAndFiles is invoked 
INFO	2025-09-18T20:33:38,849	9393	com.amazonaws.services.glue.PrepareLaunch	[main]	194	list of connectors to be added in classpath: List()
INFO	2025-09-18T20:33:38,539	9083	com.amazonaws.services.glue.launch.helpers.ConnectionsManager	[main]	78	GLUE_CONNECTIVITY: attached connection types: ListBuffer()
INFO	2025-09-18T20:33:38,470	9014	com.amazonaws.services.glue.PrepareLaunch	[main]	264	Creating directory /tmp/glue-job-9625485503069693324/amazon
INFO	2025-09-18T20:33:38,471	9015	com.amazonaws.services.glue.PrepareLaunch	[main]	264	Creating directory /tmp/glue-job-9625485503069693324/amazon/certs
INFO	2025-09-18T20:33:38,471	9015	com.amazonaws.services.glue.PrepareLaunch	[main]	264	Creating directory /tmp/glue-job-9625485503069693324/aws_glue_connectors/selected/native
INFO	2025-09-18T20:33:38,471	9015	com.amazonaws.services.glue.PrepareLaunch	[main]	264	Creating directory /tmp/glue-job-9625485503069693324/aws_glue_connectors/marketplace
INFO	2025-09-18T20:33:38,470	9014	com.amazonaws.services.glue.PrepareLaunch	[main]	264	Creating directory /tmp/glue-job-9625485503069693324/aws_glue_connectors
INFO	2025-09-18T20:33:38,470	9014	com.amazonaws.services.glue.PrepareLaunch	[main]	264	Creating directory /tmp/glue-job-9625485503069693324/aws_glue_connectors/selected
INFO	2025-09-18T20:33:38,470	9014	com.amazonaws.services.glue.PrepareLaunch	[main]	264	Creating directory /tmp/glue-job-9625485503069693324/exception_catch
INFO	2025-09-18T20:33:38,456	9000	com.amazonaws.services.glue.launch.helpers.LoggerPropsManager	[main]	78	setting up the log4j.configurationFile=/tmp/glue-job-9625485503069693324/glue-2514588713022987247log4j2.properties
INFO	2025-09-18T20:33:37,642	8186	com.amazonaws.services.glue.FileDownloader	[main]	95	downloading /tmp/glue-2514588713022987247log4j2.properties file to destination location: /tmp/glue-job-9625485503069693324/glue-2514588713022987247log4j2.properties
WARN	2025-09-18T20:33:37,634	8178	com.amazonaws.services.glue.launch.helpers.LoggerPropsManager	[main]	60	Logger setup failed for exception analysis: Cannot invoke "java.net.URL.toURI()" because the return value of "java.lang.Class.getResource(String)" is null
INFO	2025-09-18T20:33:37,632	8176	com.amazonaws.services.glue.launch.helpers.LoggerPropsManager	[main]	31	setupLoggerProperties...
DEBUG	2025-09-18T20:33:37,632	8176	com.amazonaws.services.glue.launch.helpers.SparkPropsManager	[main]	330	About to set PROXY_DISABLED and PROXY_DISABLED_V2 values false , false 
INFO	2025-09-18T20:33:37,625	8169	com.amazonaws.services.glue.launch.helpers.SparkPropsManagerHelper	[main]	113	optimizeParallelismConfigs started 
INFO	2025-09-18T20:33:37,600	8144	com.amazonaws.services.gluedi.sensei.autodebugging.AutoDebuggingProxy	[main]	203	registering spark listeners
INFO	2025-09-18T20:33:37,582	8126	com.amazonaws.services.gluedi.sensei.autodebugging.AutoDebuggingProxy	[main]	198	initializing AutoDebuggingProxy
INFO	2025-09-18T20:33:36,819	7363	com.amazonaws.services.glue.utils.AWSClientUtils$	[main]	98	AWSClientUtils: create aws sts client with conf: proxy hostnull, proxy port 0
INFO	2025-09-18T20:33:36,789	7333	com.amazonaws.services.glue.utils.EndpointConfig$	[main]	90	Endpoints: {credentials_provider=com.amazonaws.auth.DefaultAWSCredentialsProviderChain, glue.endpoint=https://glue.us-east-2.amazonaws.com, lakeformation.endpoint=https://lakeformation.us-east-2.amazonaws.com, jes.endpoint=https://glue-jes.us-east-2.amazonaws.com, region=us-east-2}
INFO	2025-09-18T20:33:36,595	7139	com.amazonaws.services.glue.utils.EndpointConfig$	[main]	36	 STAGE is prod
INFO	2025-09-18T20:33:36,590	7134	com.amazonaws.services.glue.launch.helpers.SparkPropsManagerHelper	[main]	99	
proxy {
  host = null
  port = -1
}
DEBUG	2025-09-18T20:33:36,563	7107	com.amazonaws.services.glue.launch.helpers.FileManager	[main]	240	Created symlink: /tmp/ImJ1VY-AwsGlueMLLibs.jar -> /tmp/glue-job-9625485503069693324/jars/ImJ1VY-AwsGlueMLLibs.jar
DEBUG	2025-09-18T20:33:36,561	7105	com.amazonaws.services.glue.launch.helpers.FileManager	[main]	240	Created symlink: /tmp/nH7Ebh-AWSGlueDataplanePython-5.0.714.py.zip -> /tmp/glue-job-9625485503069693324/python/nH7Ebh-AWSGlueDataplanePython-5.0.714.py.zip
DEBUG	2025-09-18T20:33:36,562	7106	com.amazonaws.services.glue.launch.helpers.FileManager	[main]	240	Created symlink: /tmp/zaKXSh-aws-glue-di-package-5.0.714.jar -> /tmp/glue-job-9625485503069693324/jars/zaKXSh-aws-glue-di-package-5.0.714.jar
DEBUG	2025-09-18T20:33:36,561	7105	com.amazonaws.services.glue.launch.helpers.FileManager	[main]	240	Created symlink: /tmp/aswDJm-AwsGlueMLLibs.py.zip -> /tmp/glue-job-9625485503069693324/python/aswDJm-AwsGlueMLLibs.py.zip
DEBUG	2025-09-18T20:33:36,558	7102	com.amazonaws.services.glue.PrepareLaunch	[main]	281	prepareCmd is Invoked 
INFO	2025-09-18T20:33:36,557	7101	com.amazonaws.services.glue.launch.helpers.PrepareLaunchProperties	[main]	89	Get job script: GlueS3.py.
INFO	2025-09-18T20:33:36,550	7094	com.amazonaws.services.glue.PythonModuleInstaller	[pool-4-thread-1]	176	Command to Execute python3.11 -m venv --clear /tmp/glue_venv
INFO	2025-09-18T20:33:36,547	7091	com.amazonaws.services.glue.utils.concurrent.PythonModuleTask	[pool-4-thread-1]	25	Setting Up Virtual Env and Application/Customer Provided Python Modules started in async mode
DEBUG	2025-09-18T20:33:34,361	4905	com.amazonaws.services.glue.launch.helpers.LaunchUtils$	[main]	121	log4j2.configurationFile=/tmp/glue-2514588713022987247log4j2.properties
1758227614218
25/09/18 20:33:33 INFO GlueLibsDownloader: Elapsed time: 1540 millis
25/09/18 20:33:30 WARN VersionInfoUtils: The AWS SDK for Java 1.x entered maintenance mode starting July 31, 2024 and will reach end of support on December 31, 2025. For more information, see https://aws.amazon.com/blogs/developer/the-aws-sdk-for-java-1-x-is-in-maintenance-mode-effective-july-31-2024/
You can print where on the file system the AWS SDK for Java 1.x core runtime is located by setting the AWS_JAVA_V1_PRINT_LOCATION environment variable or aws.java.v1.printLocation system property to 'true'.
This message can be disabled by setting the AWS_JAVA_V1_DISABLE_DEPRECATION_ANNOUNCEMENT environment variable or aws.java.v1.disableDeprecationAnnouncement system property to 'true'.
The AWS SDK for Java 1.x is being used here:
at java.base/java.lang.Thread.getStackTrace(Thread.java:1619)
at glue.shaded.com.amazonaws.util.VersionInfoUtils.printDeprecationAnnouncement(VersionInfoUtils.java:81)
at glue.shaded.com.amazonaws.util.VersionInfoUtils.<clinit>(VersionInfoUtils.java:59)
at glue.shaded.com.amazonaws.internal.EC2ResourceFetcher.<clinit>(EC2ResourceFetcher.java:44)
at glue.shaded.com.amazonaws.auth.InstanceMetadataServiceCredentialsFetcher.<init>(InstanceMetadataServiceCredentialsFetcher.java:38)
at glue.shaded.com.amazonaws.auth.InstanceProfileCredentialsProvider.<init>(InstanceProfileCredentialsProvider.java:111)
at glue.shaded.com.amazonaws.auth.InstanceProfileCredentialsProvider.<init>(InstanceProfileCredentialsProvider.java:91)
at glue.shaded.com.amazonaws.auth.InstanceProfileCredentialsProvider.<init>(InstanceProfileCredentialsProvider.java:75)
at glue.shaded.com.amazonaws.auth.InstanceProfileCredentialsProvider.<clinit>(InstanceProfileCredentialsProvider.java:58)
at glue.shaded.com.amazonaws.auth.EC2ContainerCredentialsProviderWrapper.initializeProvider(EC2ContainerCredentialsProviderWrapper.java:66)
at glue.shaded.com.amazonaws.auth.EC2ContainerCredentialsProviderWrapper.<init>(EC2ContainerCredentialsProviderWrapper.java:55)
at glue.shaded.com.amazonaws.auth.DefaultAWSCredentialsProviderChain.<init>(DefaultAWSCredentialsProviderChain.java:60)
at glue.shaded.com.amazonaws.auth.DefaultAWSCredentialsProviderChain.<clinit>(DefaultAWSCredentialsProviderChain.java:54)
at glue.shaded.com.amazonaws.services.s3.AmazonS3ClientBuilder.standard(AmazonS3ClientBuilder.java:46)
at glue.shaded.com.amazonaws.services.s3.AmazonS3Client.builder(AmazonS3Client.java:740)
at com.amazonaws.services.glue.GlueLibsDownloader$Builder.getS3Client(GlueLibsDownloader.java:289)
at com.amazonaws.services.glue.GlueLibsDownloader$Builder.build(GlueLibsDownloader.java:281)
at com.amazonaws.services.glue.GlueBootstrap.downloadGlueLibs(GlueBootstrap.java:373)
at com.amazonaws.services.glue.GlueBootstrap.lambda$setUpGlueAndUserLibs$1(GlueBootstrap.java:124)
at java.base/java.util.concurrent.FutureTask.run(FutureTask.java:264)
at java.base/java.util.concurrent.ThreadPoolExecutor.runWorker(ThreadPoolExecutor.java:1136)
at java.base/java.util.concurrent.ThreadPoolExecutor$Worker.run(ThreadPoolExecutor.java:635)
at java.base/java.lang.Thread.run(Thread.java:840)
25/09/18 20:33:30 INFO GlueBootstrap: Downloading Glue libs...
25/09/18 20:33:30 INFO GlueBootstrap: Glue Bootstrapping the driver...
25/09/18 20:33:30 INFO GlueBootstrap: Glue Bootstrapping...
OpenJDK Runtime Environment Corretto-17.0.16.8.1 (build 17.0.16+8-LTS)
OpenJDK 64-Bit Server VM Corretto-17.0.16.8.1 (build 17.0.16+8-LTS, mixed mode, sharing)
openjdk version "17.0.16" 2025-07-15 LTS
/etc/alternatives/jre/bin/java --add-exports=jdk.compiler/com.sun.tools.javac.util=ALL-UNNAMED --add-exports=jdk.naming.dns/com.sun.jndi.dns=java.naming --add-opens=java.base/java.io=ALL-UNNAMED --add-opens=java.base/java.lang.reflect=ALL-UNNAMED --add-opens=java.base/java.lang=ALL-UNNAMED --add-opens=java.base/java.math=ALL-UNNAMED --add-opens=java.base/java.util=ALL-UNNAMED --add-opens=java.base/java.util.concurrent=ALL-UNNAMED --add-opens=java.base/java.net=ALL-UNNAMED --add-opens=java.base/java.text=ALL-UNNAMED --add-opens=java.base/java.util.concurrent.atomic=ALL-UNNAMED --add-opens=java.base/java.nio=ALL-UNNAMED --add-opens=java.base/java.time=ALL-UNNAMED --add-opens=java.base/java.util.regex=ALL-UNNAMED --add-opens=java.base/java.lang.invoke=ALL-UNNAMED --add-opens=java.base/sun.nio.ch=ALL-UNNAMED --add-opens=java.base/sun.nio.cs=ALL-UNNAMED --add-opens=java.base/sun.util.calendar=ALL-UNNAMED --add-opens=java.base/sun.security.action=ALL-UNNAMED --add-opens=java.base/jdk.internal=ALL-UNNAMED --add-opens=java.base/jdk.internal.ref=ALL-UNNAMED --add-opens=java.base/jdk.internal.reflect=ALL-UNNAMED --add-opens=java.base/jdk.internal.util=ALL-UNNAMED --add-opens=java.base/jdk.internal.util.random=ALL-UNNAMED --add-opens=java.sql/java.sql=ALL-UNNAMED --add-opens=jdk.management/com.sun.management.internal=ALL-UNNAMED -XX:+IgnoreUnrecognizedVMOptions -Djavax.net.ssl.trustStore=/opt/amazon/certs/InternalAndExternalAndAWSTrustStore.jks -Djavax.net.ssl.trustStoreType=JKS -Djavax.net.ssl.trustStorePassword=amazon -DRDS_ROOT_CERT_PATH=/opt/amazon/certs/rds-combined-ca-bundle.pem -DREDSHIFT_ROOT_CERT_PATH=/opt/amazon/certs/redshift-ssl-ca-cert.pem -DRDS_TRUSTSTORE_URL=file:/opt/amazon/certs/InternalAndExternalAndAWSTrustStore.jks -cp /usr/share/aws/aws-glue-shuffle/*:/usr/share/aws/emr-glue-bootstrap/*:/usr/lib/spark/jars/*:/usr/lib/spark/conf:/usr/share/aws/aws-java-sdk-v2/*:/usr/share/aws/*:/usr/share/aws/hmclient/lib/aws-glue-datacatalog-spark-client.jar:/usr/share/aws/hmclient/lib/*:/usr/share/aws/iceberg/lib/*:/usr/share/aws/delta/lib/*:/usr/lib/hudi/*:/usr/share/aws/redshift/jdbc/*:/usr/share/aws/redshift/spark-redshift/lib/*:/usr/share/aws/glue-connectors/lib/*:/usr/share/aws/glue-pii-dependencies/lib/*:/usr/share/aws/datazone-openlineage-spark/lib/*:/usr/lib/hadoop/lib/*::/usr/lib/hadoop-lzo/lib/*:/usr/share/aws/aws-java-sdk/*:/usr/share/aws/emr/emrfs/conf:/usr/share/aws/emr/emrfs/lib/*:/usr/share/aws/emr/emrfs/auxlib/*:/usr/share/aws/emr/ddb/lib/emr-ddb-hadoop.jar:/usr/share/aws/emr/goodies/lib/emr-hadoop-goodies.jar:/usr/share/aws/emr/cloudwatch-sink/lib/*:/usr/share/aws/emr/security/conf:/usr/share/aws/emr/security/lib/*:/usr/lib/hadoop/*:/etc/hadoop/conf:/usr/share/java/Hive-JSON-Serde/* -Dlog4j2.configurationFile=/etc/spark/conf.dist/log4j2.properties com.amazonaws.services.glue.GlueBootstrap --conf spark.dynamicAllocation.enabled=true --conf spark.shuffle.service.enabled=true --conf spark.dynamicAllocation.minExecutors=1 --conf spark.dynamicAllocation.maxExecutors=9 --conf spark.executor.memory=10g --conf spark.driver.memory=10g --conf spark.network.timeout=600   --enable-glue-datacatalog true  --glue-di-packages-correlation-ids 20250908-162851_,20250908-162851_,6370693903,6370693903 --job-bookmark-option job-bookmark-disable --TempDir s3://aws-glue-assets-554930853557-us-east-2/temporary/ --internal-lib-urls https://prod-us-east-2-package-distribution-artifacts-bucket.s3.us-east-2.amazonaws.com/004/Glue5.0/aws-glue-dataplane-python/java17/5.0.714/nH7Ebh-AWSGlueDataplanePython-5.0.714.py.zip?X-Amz-Security-Token=IQoJb3JpZ2luX2VjEE0aCXVzLWVhc3QtMiJIMEYCIQCnUAccmIPTiSWf7lZQ3QVxVT26HryhRO%2FQfQijFbSqnwIhALhCgjo0hgQGfeghV38Pq1XhY68T913aDSnIFDipCh2UKqACCMb%2F%2F%2F%2F%2F%2F%2F%2F%2F%2FwEQABoMNzMwMzM1MjkwNzk4IgysuzNILDJ2TyDtBpQq9AF79MhzMDrH7bCM62KCAIo281fvlIxYBVzwkfK86qwMGexnTwD3Q3S3a92M9cWH5Rxj1WEoo8%2B2PGopQQ%2FJ0FVB3lf1dHNShbN8uN1394SowqnmpETjg%2BeV7Wf6m0zfP3kU0Ms2yCklQEQUupbzsHpnAZHv9kjFpj2e24JyEDmrzm8eoqZjHUdZxPGG7MPAye8EX0SIpTtYde1GDVyButQQOV5LJixgec7Hmfto8bqODneZcNIpUPuzYeATOcghD91dB0cyDjiJaWCXkR7UTQTHIzhoApLA94PW8C1xff%2FtAqLYUTbp0ZHB0zG2Z5OLCN4RDc6GMJXZscYGOo4B5yHrr5E7fUbJjnSfkkPxfJ2d5VOIiDDXms%2F37EwGhtAlfqdxrQuVj1VQ8K4435qZzyWdCvKiD3wVnwoVTMK%2BLkVmepW1dEL1yndgaf2m1FhtX4WKKMyydHzCedVA3LqZ0yzGsE%2Bmh0GLTwB%2BPz8MY%2BkV7t4Vi%2BakwsiwJ8lVyHIZQBbVzAGh6Nznplp1MQ%3D%3D&X-Amz-Algorithm=AWS4-HMAC-SHA256&X-Amz-Date=20250918T203325Z&X-Amz-SignedHeaders=host&X-Amz-Credential=ASIA2UC3AEWXKJMJOTYB%2F20250918%2Fus-east-2%2Fs3%2Faws4_request&X-Amz-Expires=1800&X-Amz-Signature=23023db3f090527bbce840084ada6e6c019be4eadeb05e40c83a601eada834be,https://prod-us-east-2-package-distribution-artifacts-bucket.s3.us-east-2.amazonaws.com/004/Glue5.0/aws-glue-di-libs/java17/5.0.714/zaKXSh-aws-glue-di-package-5.0.714.jar?X-Amz-Security-Token=IQoJb3JpZ2luX2VjEE0aCXVzLWVhc3QtMiJIMEYCIQCnUAccmIPTiSWf7lZQ3QVxVT26HryhRO%2FQfQijFbSqnwIhALhCgjo0hgQGfeghV38Pq1XhY68T913aDSnIFDipCh2UKqACCMb%2F%2F%2F%2F%2F%2F%2F%2F%2F%2FwEQABoMNzMwMzM1MjkwNzk4IgysuzNILDJ2TyDtBpQq9AF79MhzMDrH7bCM62KCAIo281fvlIxYBVzwkfK86qwMGexnTwD3Q3S3a92M9cWH5Rxj1WEoo8%2B2PGopQQ%2FJ0FVB3lf1dHNShbN8uN1394SowqnmpETjg%2BeV7Wf6m0zfP3kU0Ms2yCklQEQUupbzsHpnAZHv9kjFpj2e24JyEDmrzm8eoqZjHUdZxPGG7MPAye8EX0SIpTtYde1GDVyButQQOV5LJixgec7Hmfto8bqODneZcNIpUPuzYeATOcghD91dB0cyDjiJaWCXkR7UTQTHIzhoApLA94PW8C1xff%2FtAqLYUTbp0ZHB0zG2Z5OLCN4RDc6GMJXZscYGOo4B5yHrr5E7fUbJjnSfkkPxfJ2d5VOIiDDXms%2F37EwGhtAlfqdxrQuVj1VQ8K4435qZzyWdCvKiD3wVnwoVTMK%2BLkVmepW1dEL1yndgaf2m1FhtX4WKKMyydHzCedVA3LqZ0yzGsE%2Bmh0GLTwB%2BPz8MY%2BkV7t4Vi%2BakwsiwJ8lVyHIZQBbVzAGh6Nznplp1MQ%3D%3D&X-Amz-Algorithm=AWS4-HMAC-SHA256&X-Amz-Date=20250918T203325Z&X-Amz-SignedHeaders=host&X-Amz-Credential=ASIA2UC3AEWXKJMJOTYB%2F20250918%2Fus-east-2%2Fs3%2Faws4_request&X-Amz-Expires=1800&X-Amz-Signature=c00f9a0cc219f5cf13c0650d5415fed1bb0d4049f5021bb6b65287fa402e2294,https://prod-us-east-2-package-distribution-artifacts-bucket.s3.us-east-2.amazonaws.com/004/Glue5.0/AwsGlueMLLibsPython/java17/5.0.352/aswDJm-AwsGlueMLLibs.py.zip?X-Amz-Security-Token=IQoJb3JpZ2luX2VjEE0aCXVzLWVhc3QtMiJIMEYCIQCnUAccmIPTiSWf7lZQ3QVxVT26HryhRO%2FQfQijFbSqnwIhALhCgjo0hgQGfeghV38Pq1XhY68T913aDSnIFDipCh2UKqACCMb%2F%2F%2F%2F%2F%2F%2F%2F%2F%2FwEQABoMNzMwMzM1MjkwNzk4IgysuzNILDJ2TyDtBpQq9AF79MhzMDrH7bCM62KCAIo281fvlIxYBVzwkfK86qwMGexnTwD3Q3S3a92M9cWH5Rxj1WEoo8%2B2PGopQQ%2FJ0FVB3lf1dHNShbN8uN1394SowqnmpETjg%2BeV7Wf6m0zfP3kU0Ms2yCklQEQUupbzsHpnAZHv9kjFpj2e24JyEDmrzm8eoqZjHUdZxPGG7MPAye8EX0SIpTtYde1GDVyButQQOV5LJixgec7Hmfto8bqODneZcNIpUPuzYeATOcghD91dB0cyDjiJaWCXkR7UTQTHIzhoApLA94PW8C1xff%2FtAqLYUTbp0ZHB0zG2Z5OLCN4RDc6GMJXZscYGOo4B5yHrr5E7fUbJjnSfkkPxfJ2d5VOIiDDXms%2F37EwGhtAlfqdxrQuVj1VQ8K4435qZzyWdCvKiD3wVnwoVTMK%2BLkVmepW1dEL1yndgaf2m1FhtX4WKKMyydHzCedVA3LqZ0yzGsE%2Bmh0GLTwB%2BPz8MY%2BkV7t4Vi%2BakwsiwJ8lVyHIZQBbVzAGh6Nznplp1MQ%3D%3D&X-Amz-Algorithm=AWS4-HMAC-SHA256&X-Amz-Date=20250918T203325Z&X-Amz-SignedHeaders=host&X-Amz-Credential=ASIA2UC3AEWXKJMJOTYB%2F20250918%2Fus-east-2%2Fs3%2Faws4_request&X-Amz-Expires=1800&X-Amz-Signature=1fe7941eb1f31af80d7cb08b48985206f211d1b714f26cc178856edb0180b81d,https://prod-us-east-2-package-distribution-artifacts-bucket.s3.us-east-2.amazonaws.com/004/Glue5.0/AwsGlueMLLibs/java17/5.0.352/ImJ1VY-AwsGlueMLLibs.jar?X-Amz-Security-Token=IQoJb3JpZ2luX2VjEE0aCXVzLWVhc3QtMiJIMEYCIQCnUAccmIPTiSWf7lZQ3QVxVT26HryhRO%2FQfQijFbSqnwIhALhCgjo0hgQGfeghV38Pq1XhY68T913aDSnIFDipCh2UKqACCMb%2F%2F%2F%2F%2F%2F%2F%2F%2F%2FwEQABoMNzMwMzM1MjkwNzk4IgysuzNILDJ2TyDtBpQq9AF79MhzMDrH7bCM62KCAIo281fvlIxYBVzwkfK86qwMGexnTwD3Q3S3a92M9cWH5Rxj1WEoo8%2B2PGopQQ%2FJ0FVB3lf1dHNShbN8uN1394SowqnmpETjg%2BeV7Wf6m0zfP3kU0Ms2yCklQEQUupbzsHpnAZHv9kjFpj2e24JyEDmrzm8eoqZjHUdZxPGG7MPAye8EX0SIpTtYde1GDVyButQQOV5LJixgec7Hmfto8bqODneZcNIpUPuzYeATOcghD91dB0cyDjiJaWCXkR7UTQTHIzhoApLA94PW8C1xff%2FtAqLYUTbp0ZHB0zG2Z5OLCN4RDc6GMJXZscYGOo4B5yHrr5E7fUbJjnSfkkPxfJ2d5VOIiDDXms%2F37EwGhtAlfqdxrQuVj1VQ8K4435qZzyWdCvKiD3wVnwoVTMK%2BLkVmepW1dEL1yndgaf2m1FhtX4WKKMyydHzCedVA3LqZ0yzGsE%2Bmh0GLTwB%2BPz8MY%2BkV7t4Vi%2BakwsiwJ8lVyHIZQBbVzAGh6Nznplp1MQ%3D%3D&X-Amz-Algorithm=AWS4-HMAC-SHA256&X-Amz-Date=20250918T203325Z&X-Amz-SignedHeaders=host&X-Amz-Credential=ASIA2UC3AEWXKJMJOTYB%2F20250918%2Fus-east-2%2Fs3%2Faws4_request&X-Amz-Expires=1800&X-Amz-Signature=bf72dfc538ed9f4060dcdf8a9f36888d0bed5321340ec997cf7cf14bc8c097f3  --JOB_ID j_ee305f784899e796a9944220f5af0631fa367da13c5e6e5d73eb651ed0803424 --enable-metrics true --enable-spark-ui true --spark-event-logs-path s3://aws-glue-assets-554930853557-us-east-2/sparkHistoryLogs/  --enable-job-insights true  --JOB_RUN_ID jr_11afe27df3d8914731629a429d7de3537d4ad5c91ad48d30f319144a0059412e --enable-observability-metrics true --scriptLocation s3://aws-glue-assets-554930853557-us-east-2/scripts/GlueS3.py  --job-language python --tenant-internal glue --JOB_NAME GlueS3
Thu Sep 18 20:33:29 UTC 2025
Preparing ...


Root Cause Analysis
Generated by AI
Analysis Insights
The Spark job encountered an error while attempting to filter a DataFrame using the column name "customer_id"
The error message indicates that the column "customer_id" does not exist in the DataFrame schema
The actual DataFrame schema shows the column is named "CustomerID" with different capitalization
The error message helpfully suggests possible column names that could be used instead, including "CustomerID"
The job failed early in its execution as evidenced by zero completed Spark jobs and no shuffle bytes written
Root Cause
The failure occurred due to a case-sensitive column name mismatch in the DataFrame filter operation. The code attempts to reference a column named "customer_id" but the actual column name in the CSV data is "CustomerID". This represents a schema mismatch between the expected and actual column names in the source data.



Recommendations
Generated by AI
To fix this column name mismatch in the DataFrame filter operation, the following changes can be implemented:

Update the filter condition in /tmp/glue-job-9625485503069693324/GlueS3.py line 40 to use the correct column name "CustomerID" instead of "customer_id":
df.filter(col("CustomerID").isNotNull())
Alternatively, normalize column names when reading the DataFrame by adding a select statement with lowercase column names:
df = df.select([col(c).alias(c.lower()) for c in df.columns])
df.filter(col("customerid").isNotNull())


